income_am,profit_last_am,profit_am,damage_am,damage_inc,crd_lim_rec,credit_use_ic,gluten_ic,lactose_ic,insurance_ic,spa_ic,empl_ic,cab_requests,married_cd,bar_no,sport_ic,neighbor_income,age,marketing_permit,urban_ic,dining_ic,presidential,client_segment,sect_empl,prev_stay,prev_all_in_stay,divorce,fam_adult_size,children_no,tenure_mts,tenure_yrs,company_ic,claims_no,claims_am,nights_booked,gender,shop_am,shop_use,retired,gold_status,score1_pos,score1_neg,score2_pos,score2_neg,score3_pos,score3_neg,score4_pos,score4_neg,score5_pos,score5_neg
5660,4320,8640,0,0,8000,0,0,1,0,0,0,11,TRUE,6,1,34033,42,1,1,0,0,2,1,1,1,0,3,2,575,48,0,0,0,52,V,4577.729167209796,1,0,1,0.53841867,0.3968194860479255,0.42374198056545537,0.7636076018513358,,,,,,
3990,9,3450,0,0,12500,0,0,0,1,0,0,7,TRUE,5,0,36372,42,0,1,0,0,1,1,1,0,0,2,0,174,15,0,0,0,4,M,0,0,0,0,,,,,,,,,,
1158,82,4194,408,4,12000,0,0,0,1,1,0,10,TRUE,11,1,37619,38,1,1,0,0,1,0,1,1,0,3,1,229,19,0,0,0,222,M,0,0,0,0,0.009810822,0.592842497,,,0.2524443046838512,0.7246933178941797,0.8180643666881074,0.3873614798356654,,
2451,791,2119,0,0,0,0,0,0,1,1,0,4,TRUE,5,0,29266,66,1,1,0,0,1,0,0,0,0,1,0,375,31,0,0,0,3,M,0,0,0,0,,,,,,,,,,
946,222,2036,0,0,0,0,0,1,0,0,0,5,TRUE,0,0,36221,63,0,1,0,0,2,0,1,1,0,1,0,417,35,0,0,0,34,V,0,0,0,0,,,,,,,,,,
227,0,1620,0,0,0,0,0,0,1,1,0,4,TRUE,6,0,22576,18,0,0,0,0,0,0,0,0,0,1,0,1,0,0,0,0,4,M,0,0,0,0,,,,,,,,,,1.9389561518928302
1359,467,2395,0,0,12500,0,0,0,1,0,0,5,FALSE,10,0,18045,34,1,0,0,0,1,0,1,1,1,2,0,184,15,0,0,0,13,M,0,0,0,0,,,,,,,,,,
2591,869,2209,0,0,0,0,0,0,0,0,0,6,TRUE,7,0,31751,61,1,1,0,0,1,0,1,0,0,1,0,382,32,0,0,0,2,M,1415.021156740573,1,1,0,,,,,0.5804982283810558,0.5852236327849498,,,0.097949638,5.282090497
6426,2018,9015,2333,2,10000,0,0,0,1,1,0,10,FALSE,3,0,39853,33,1,1,0,0,2,0,1,1,1,2,0,136,11,0,0,0,4,M,0,0,0,0,,,,,0.5766048382786364,0.277479322,,,,
8622,3518,3014,0,0,0,0,0,0,0,0,0,6,FALSE,3,0,27090,79,0,1,0,0,2,0,1,0,0,1,0,324,27,0,0,0,33,V,0,0,1,0,0.29288789692566114,0.7889283756723119,,,,,,,,
280,22,1956,0,0,1500,0,0,0,0,0,0,10,TRUE,7,0,33268,49,0,0,0,0,1,0,1,0,0,2,0,26,2,0,0,0,13,V,0,0,0,0,,,,,0.8634763323180045,0.7401315342432478,,,0.9853474787829156,5.545299690555001
374,30,1729,0,0,5500,0,0,0,1,1,0,2,TRUE,4,0,,23,1,1,0,0,1,0,1,0,0,2,1,107,9,0,0,0,19,V,0,0,0,0,,,0.7603890170730757,0.8873669254896944,,,,,,
1386,479,4054,562,3,8000,0,0,0,1,0,0,2,FALSE,7,1,28830,46,1,1,0,0,1,0,1,0,0,2,0,323,27,0,0,0,74,M,0,0,0,0,0.2973878483020569,0.26133180049006216,,,,,,,0.035829787,9.28913199
227,0,1621,0,0,0,0,0,0,1,1,0,3,TRUE,5,0,25249,32,0,0,0,0,1,0,0,0,0,2,0,32,3,0,0,0,4,M,0,0,0,0,,,,,,,,,,
3532,1065,2337,0,0,0,0,0,0,0,0,0,9,TRUE,1,0,40046,58,0,1,0,0,2,0,1,0,0,1,0,290,24,0,0,0,4,V,0,0,1,0,0.9977033641676152,0.8542047628676946,0.1735319019024485,0.013939813677649376,,,0.34721878168885084,0.5894757490196167,,
1190,325,6688,1676,2,8500,0,0,0,1,1,0,4,FALSE,5,1,34869,30,1,1,0,0,2,0,1,1,0,3,1,338,28,0,0,0,52,V,920.2104636428361,1,0,0,,,,,0.24555479885320416,0.1647528229057442,0.1658312595090518,0.097346251,,
927,193,8747,0,1,3000,0,0,0,1,0,0,6,TRUE,5,1,23132,23,1,1,1,0,1,1,1,0,0,3,0,129,11,0,1,0,4,V,1017.0028915944013,1,0,0,0.068523831,0.5997306905737101,,,,,,,0.036520726,-0.738248204
254,10,3353,117,2,6500,0,0,0,0,0,0,14,TRUE,11,0,29018,49,1,1,0,0,1,0,0,1,0,2,0,254,21,0,0,0,28,M,0,0,0,0,,,,,,,,,,
10450,600,5322,0,0,15000,0,1,1,1,1,0,8,TRUE,2,1,36177,38,1,1,0,0,3,0,1,0,0,3,0,479,40,0,0,0,55,M,0,0,0,0,,,0.7190181793542267,0.5660198878693075,,,0.576266547,0.2553405325305514,,
227,0,1620,0,0,0,0,0,0,0,0,1,5,TRUE,6,0,29753,31,0,1,0,0,1,0,1,0,0,2,0,123,10,0,0,0,1,V,0,0,0,0,0.9713858318825054,0.679476382,,,,,,,,
324,0,2846,0,0,2500,0,0,0,1,0,0,13,TRUE,14,1,21033,31,1,1,0,0,1,0,0,1,0,3,0,134,11,0,0,0,36,M,0,0,0,0,,,,,,,,,,
2093,681,2458,1219,4,7000,1,0,0,1,0,0,3,TRUE,14,1,33261,40,0,1,0,0,1,0,1,1,0,3,2,515,43,0,0,0,83,M,0,0,0,0,,,,,0.061794183,0.35974228200875574,,,0.3300588405853263,6.956439147651841
527,1086,2172,0,0,3000,0,0,0,0,0,0,4,FALSE,8,1,35793,64,0,0,0,0,1,0,1,0,0,1,0,153,13,0,0,0,50,V,0,0,1,0,,,,,,,0.619762529,0.20421509747871955,,
230,0,1730,0,0,750,0,0,0,1,0,0,4,TRUE,11,0,36969,21,1,1,0,0,1,0,1,0,0,1,0,33,3,0,1,0,7,V,0,0,0,0,,,,,0.1891965718028977,0.3330737839642153,0.473830411,0.8781548674043694,,
227,0,1632,0,0,0,0,0,0,0,1,0,2,FALSE,0,1,28636,53,0,1,0,0,0,0,1,0,1,1,0,,,0,0,0,4,M,0,0,1,0,,,,,,,,,,
10406,645,21633,0,0,2500,0,0,0,0,0,0,7,TRUE,3,1,33795,72,1,1,0,0,2,0,1,0,0,1,0,343,29,0,0,0,27,V,0,0,1,0,0.29369815487834905,0.06461323,0.4282409588943667,0.6494969103404906,0.4027361394762792,0.3006930455128344,,,,
1343,374,1816,0,0,0,0,0,0,0,0,0,8,FALSE,2,0,47325,67,0,1,0,0,1,0,1,0,0,1,0,263,22,0,0,0,4,V,0,0,1,0,,,0.16081907656540875,0.2517728856457295,,,,,,
3826,28,1828,0,0,0,0,0,0,0,1,0,4,FALSE,6,0,28582,77,1,1,0,0,2,0,1,0,0,1,0,330,28,0,0,0,13,V,0,0,1,0,,,,,,,,,,
458,93,1641,0,0,6000,0,0,0,1,0,0,11,TRUE,1,0,28517,23,1,0,0,0,1,0,0,0,0,2,0,5,0,0,0,0,2,V,0,0,0,0,,,,,,,,,,
1069,278,1744,0,0,1500,0,0,0,1,0,0,2,TRUE,2,0,38214,23,1,1,0,0,1,0,1,0,0,2,0,174,15,0,0,0,30,M,0,0,0,0,,,0.8700390323700485,0.802477118,,,,,,
359,844.5,1689,0,0,0,0,0,0,0,0,0,5,TRUE,5,0,37110,17,0,1,0,0,1,0,1,0,0,1,0,222,19,0,0,0,4,V,0,0,0,0,0.37881343943483897,0.035106526827002035,,,,,,,,
14556,3440,4013,0,0,0,0,0,0,0,0,0,8,FALSE,0,0,47965,66,1,1,0,0,3,0,1,0,1,1,0,384,32,0,0,0,2,V,5568.219879041393,1,1,0,,,,,0.7002665243195564,0.39994790432559313,,,,
2293,813,2374,0,0,12000,0,0,0,0,0,0,6,TRUE,3,0,22206,60,0,0,0,0,1,0,1,1,0,2,0,255,21,0,0,0,55,M,0,0,1,0,,,,,,,0.6153337334185145,0.5609263150618541,0.18255965021550066,5.227560549
1013,136,4983,0,1,4000,0,0,1,1,0,0,6,TRUE,2,1,32173,23,1,1,0,0,1,0,1,0,0,3,0,344,29,0,0,0,12,V,0,0,0,0,,,,,,,,,,
322,23,2750,0,0,4500,0,0,0,0,0,0,3,TRUE,7,0,34511,40,1,1,0,0,1,1,1,0,0,2,0,258,22,0,0,0,105,M,0,0,0,0,0.7703040924387691,0.6974365924159361,,,0.7963184936841455,0.6845195254054723,,,,
839,230,2049,0,0,4000,0,0,0,1,0,0,7,TRUE,8,0,35205,22,0,1,0,0,1,0,1,0,0,2,0,287,24,0,0,0,52,V,0,0,0,0,,,,,,,,,,
323,38,1639,0,0,0,0,0,0,0,1,0,8,TRUE,3,0,24433,60,1,0,0,0,2,0,1,0,0,1,0,382,32,0,0,0,37,M,0,0,1,0,,,0.7588038423223957,0.2712048063283617,0.2615741652527782,0.8471417546397494,0.9189755749616723,0.9761694448170085,,
3603,624,2604,0,0,9000,0,0,0,0,1,0,7,TRUE,8,0,31440,56,0,1,0,0,1,0,1,1,0,3,0,350,29,0,0,0,148,M,0,0,0,0,,,,,,,0.4007755038099996,0.013658863914199999,0.7940266569899599,8.415585150333639
1909,671,4239,1864,3,15000,1,0,1,1,1,0,6,TRUE,16,1,35918,40,1,1,0,0,1,0,1,1,0,3,1,281,23,0,2,0,62,M,0,0,0,0,,,,,,,0.8334626172220031,0.9754935947056859,0.4726640729543663,8.995981224
1442,1259,2518,0,0,15000,0,0,0,1,0,0,8,TRUE,2,0,30359,22,1,1,0,0,1,0,1,0,0,2,0,83,7,0,0,0,49,M,0,0,0,0,,,0.1893443777047042,0.076512521,,,,,,
528,21,3910,0,0,6000,0,0,0,1,0,0,10,TRUE,5,0,20718,53,1,1,0,0,1,1,1,1,0,3,1,324,27,0,1,0,77,M,0,0,0,0,,,,,,,,,,
1590,71,2824,0,0,2500,0,0,0,0,1,0,2,TRUE,6,0,31928,65,1,1,0,0,2,0,1,0,0,1,0,350,29,0,0,0,58,M,0,0,1,0,0.34338854285728704,0.070060715,,,,,,,,
228,0,1644,0,0,0,0,0,0,1,0,0,2,TRUE,8,0,25703,38,0,0,0,0,1,0,1,0,0,2,0,4,0,0,0,0,8,V,0,0,0,0,0.9796638085111984,0.9924758811559831,,,,,0.9763906243692112,0.951779674,,
227,0,1665,0,0,0,0,0,0,0,0,0,6,TRUE,9,0,40974,60,0,1,0,0,1,0,1,0,0,1,0,30,3,0,0,0,2,V,0,0,0,0,,,,,,,,,0.051866389620482095,2.907913351
738,125,2789,0,0,6000,0,0,0,1,0,0,10,TRUE,6,0,,28,0,1,0,0,1,0,1,0,0,3,0,362,30,0,0,0,49,M,550.3844739,1,0,0,,,,,,,,,,
41694,8178,21818,236,2,1500,0,0,1,1,1,0,5,TRUE,1,0,30298,53,1,1,0,0,3,1,1,0,0,2,0,599,50,0,0,0,52,V,12267,1,0,0,,,,,0.8474698102281756,0.8479656971494722,0.6389136276631546,0.6596147251144178,,
284,816.5,1633,0,0,0,0,0,0,0,1,0,6,TRUE,0,0,31926,71,1,1,0,0,1,0,1,0,0,1,0,270,23,0,0,0,4,V,0,0,1,0,,,,,,,,,0.9765713015286525,2.3757444414857902
227,810,1620,0,0,2500,0,0,0,0,0,0,5,TRUE,5,0,32322,68,1,1,0,0,1,0,1,0,0,1,0,245,20,0,0,0,38,V,0,0,1,0,,,,,,,,,0.943725676,7.065437089649611
23268,543,20942,0,0,7000,0,0,0,0,0,0,3,TRUE,8,1,26936,70,1,0,0,0,3,0,1,0,0,1,0,384,32,0,0,0,4,M,0,0,1,1,0.3554303613296961,0.559121416,,,0.3172682873929451,0.2676376330325951,,,,
273,0,1669,0,0,3500,0,0,0,1,0,0,8,FALSE,6,1,33878,32,1,1,0,0,1,0,1,0,0,3,1,370,31,0,0,0,31,V,0,0,0,0,,,,,0.5255423369857203,0.10147032903906279,,,0.9240182772613483,8.412282276
227,0,1620,0,0,0,0,0,0,0,1,0,5,TRUE,3,0,32299,18,0,1,0,0,1,0,1,0,0,1,0,212,18,0,0,0,3,M,0,0,0,0,,,,,0.7993804024441663,0.8190191992903282,,,,
1538,526,1865,0,0,3000,0,0,0,0,0,0,5,TRUE,8,0,31973,33,0,1,0,0,1,0,1,0,0,2,2,289,24,0,0,0,58,V,0,0,0,0,,,,,,,,,,
227,810,1620,0,0,0,0,0,0,0,0,0,8,TRUE,2,0,31015,29,0,1,0,0,1,0,1,0,0,1,0,147,12,0,0,0,1,M,0,0,0,0,,,,,,,,,,
946,153,16384,870,1,8500,0,0,0,1,0,0,9,FALSE,18,1,28956,47,1,0,0,0,1,1,1,1,1,2,0,290,24,0,0,0,52,V,0,0,0,0,,,,,0.3890009676778077,0.8781506453997775,,,0.5127990853146102,2.508761233
229,0,1630,0,0,0,0,0,0,1,1,0,6,TRUE,4,0,34354,20,0,1,0,0,1,0,1,0,0,1,0,242,20,0,0,0,3,M,0,0,0,0,,,,,,,,,,
3913,1463,2357,0,0,3500,0,0,0,0,1,0,4,TRUE,4,0,34723,54,0,1,0,0,2,0,1,0,0,2,0,384,32,0,0,0,41,M,573.2549449936128,1,0,0,,,,,,,,,0.024837279,1.333526676
697,196,3286,930,1,1500,0,0,0,1,0,0,9,TRUE,0,1,28365,31,0,1,0,0,1,0,1,0,0,3,2,349,29,0,0,0,49,V,0,0,0,0,,,,,,,0.9713142181836744,0.1762414927781793,0.044531822114837076,3.5081380380482203
283,950.5,1901,0,0,0,0,0,0,1,1,0,6,TRUE,8,0,32205,25,0,1,0,0,1,0,0,1,0,2,0,80,7,0,0,0,70,V,0,0,0,0,,,,,,,,,,
16341,3162,15016,643,2,0,0,0,1,1,0,0,7,TRUE,0,1,31343,40,1,1,0,0,3,4,1,1,0,3,2,539,45,0,1,0,48,M,0,0,0,0,,,,,,,0.7037736463605817,0.9238115032412422,0.3484713840141279,4.227189508
973,0,1745,0,0,4500,0,0,0,1,1,0,3,TRUE,9,1,32322,54,1,0,1,0,4,6,1,0,0,3,0,587,49,1,2,1955,86,V,0,0,0,0,0.053368906798964305,0.31569179723213875,0.16231966975003553,0.6015376351707867,0.3797925862576627,0.4148427925390056,,,,
778,208,1768,0,0,3500,0,0,0,0,1,0,7,TRUE,9,0,28953,20,1,1,0,0,1,0,1,0,0,2,0,175,15,0,0,0,22,V,160.3725627531063,1,0,0,,,,,,,0.1525281450521741,0.042198774894767276,0.8415211218464829,0.19671589237231998
227,1503,3006,0,0,0,0,0,0,0,0,0,9,TRUE,4,0,37566,38,0,1,0,0,1,0,0,1,0,3,0,100,8,0,0,0,4,M,0,0,0,0,,,,,,,,,,
4569,1825,2334,0,0,0,0,0,0,0,0,0,2,TRUE,8,0,28586,68,1,1,0,0,2,0,1,0,0,1,0,19,2,0,0,0,4,M,0,0,1,0,,,0.8151425529681623,0.471471619,,,0.7834023455014872,0.5017002673908888,0.9912459810761903,3.419210678
2552,441,5869,1781,2,6000,0,0,0,1,1,0,11,TRUE,1,1,32943,49,1,1,0,0,2,0,1,1,0,3,1,324,27,0,0,0,138,V,0,0,0,0,,,0.16452983144170116,0.556377252,,,,,,
6860,3305,3305,0,0,12000,0,0,1,0,0,0,6,TRUE,6,0,32305,46,0,1,0,0,2,0,1,1,0,3,1,324,27,0,0,0,13,M,0,0,0,0,,,0.836952845,0.6397773151403763,,,,,,
227,0,5075,0,0,6000,1,0,0,1,0,0,6,TRUE,2,0,21904,21,1,0,0,0,1,0,0,0,0,3,0,61,5,0,0,0,39,V,0,0,0,0,,,,,,,,,,3.4067682985307504
274,0,1660,0,0,0,0,0,0,0,1,0,1,TRUE,0,0,29151,31,0,1,0,0,1,0,1,0,0,2,0,124,10,0,0,0,4,V,234.27650251834922,1,0,0,0.8659723802870173,0.6856184592663039,,,0.2021558169979063,0.1985831707923568,,,,
1665,603,1942,0,0,0,0,0,0,1,1,0,8,TRUE,2,0,31771,44,1,1,0,0,2,0,1,0,0,3,1,122,10,0,0,0,4,M,0,0,0,0,,,0.332876868,0.44018416975948643,,,,,,
912,100,2181,0,0,0,0,0,0,0,0,0,1,TRUE,6,0,35747,48,1,1,0,0,2,0,1,0,0,3,0,242,20,0,0,0,1,V,0,0,0,0,0.9029586926527622,0.8411233195076436,,,,,,,0.8100774251401185,5.682054076
2075,776,1927,0,0,0,0,0,0,0,0,0,5,TRUE,3,0,28428,63,0,1,0,0,1,0,1,0,0,1,0,246,21,0,0,0,3,V,0,0,1,0,0.5956602749730663,0.961474972,,,,,,,0.45507596408338535,0.6849810147776539
227,0,1620,0,0,0,0,0,0,1,1,0,7,TRUE,9,0,31645,27,0,1,0,0,1,0,1,0,0,1,0,135,11,0,0,0,3,V,0,0,0,0,,,,,,,,,,
227,810,1620,0,0,0,0,0,0,0,0,0,1,TRUE,8,0,39027,46,0,1,0,0,0,0,1,0,0,3,1,,,0,0,0,3,V,0,0,0,0,,0.21873871062136926,,,,0.3063837946818333,,,,
227,0,1620,0,0,0,0,0,0,0,0,0,9,TRUE,6,0,29113,50,0,1,0,0,0,0,1,0,0,1,0,,,0,0,0,2,M,0,0,0,0,,,,0.32337344414371627,,0.5570836240178306,,0.12116653650633158,,
2398,563,2886,41,1,11000,0,0,0,1,1,0,5,TRUE,1,1,33460,53,0,1,0,0,1,0,1,1,0,1,0,347,29,0,0,0,94,V,0,0,0,0,,,0.43947752624362024,0.27955972845587107,,,,,,
15186,3897,10953,0,0,12000,0,0,0,0,0,0,8,TRUE,10,1,37783,59,1,1,0,0,3,0,1,1,0,2,0,396,33,0,0,0,3,M,9863.870894440832,1,0,1,0.44890504694771277,0.40655006720313336,0.11869332096380708,0.36516714963094854,,,,,0.027716556576525678,7.602034740452219
227,0,2282,1539,2,6000,0,0,0,0,0,0,7,TRUE,3,1,38238,32,0,1,0,0,1,0,1,0,0,3,0,147,12,0,1,0,18,V,0,0,0,0,,,0.46430097990157815,0.9527897938398735,0.16252515356832126,0.483747764,,,,
5631,3289,6578,0,0,6500,0,0,1,1,1,0,5,TRUE,8,1,36404,36,1,1,0,0,2,0,1,0,0,2,0,242,20,0,0,0,43,V,0,0,0,0,0.6460677057803123,0.4187904531219916,,,,,0.010241669177588916,0.42004295642851863,,
5356,794,6251,0,0,0,0,0,0,0,1,0,9,TRUE,6,0,31004,69,1,1,0,0,2,0,1,0,0,1,0,207,17,0,0,0,4,M,0,0,1,0,,,,,,,,,,
3626,284,7375,0,2,15000,0,1,1,1,1,0,8,TRUE,23,1,41152,46,0,1,0,0,2,0,1,1,0,3,2,478,40,0,0,0,1,M,3375.965300132812,1,0,1,,,0.6138668806791159,0.43049735382631227,,,0.4760672379504731,0.7766931077715118,,
227,0,1620,0,0,0,0,0,0,0,0,0,9,TRUE,7,0,32103,44,0,1,0,0,1,0,1,0,0,2,0,,,0,0,0,4,V,0,0,0,0,,0.5280992919374115,,0.8720276443244082,,0.022573053385618696,,0.5854315000640701,,
867,903,1806,0,0,15000,0,0,0,0,0,0,7,TRUE,9,0,35029,39,1,1,0,0,1,0,1,0,0,2,2,220,18,0,0,0,18,V,0,0,0,0,0.047427001,0.47389210756019917,,,,,,,,
18234,949,30101,0,0,0,0,0,0,0,0,0,9,FALSE,2,0,41095,76,1,0,0,0,3,0,1,0,0,1,0,26,2,0,0,0,1,V,0,0,1,0,,,,,0.16868546246394556,0.22185233042469232,,,0.5172495803436222,5.191627692
4851,803,5465,1307,2,13000,0,0,0,1,0,0,9,TRUE,4,1,37604,46,1,1,0,0,2,0,1,1,0,2,0,306,26,0,0,0,115,V,0,0,0,0,,,,,,,,,,
227,0,1620,0,0,0,0,0,0,0,0,0,2,FALSE,1,0,28754,22,0,1,0,0,1,0,0,0,0,3,0,108,9,0,0,0,4,V,0,0,0,0,,,,,,,,,,3.468695917
6855,1664,8205,1634,7,6000,1,0,1,1,1,0,8,TRUE,4,1,33188,33,1,1,0,0,1,0,1,0,0,2,0,105,9,0,0,0,1,V,0,0,0,1,,,0.024032571479724457,0.8129589315072572,0.038112549,0.7640902633893523,,,,
228,0,14103,3343,3,3000,0,0,0,0,0,0,9,TRUE,0,1,43127,37,1,1,0,0,1,0,0,0,0,3,0,107,9,0,0,0,4,V,0,0,0,0,,,,,,,,,,
703,894,1788,0,0,1500,0,0,0,0,0,0,4,FALSE,12,0,29986,55,0,0,0,0,1,0,1,1,1,2,0,243,20,0,0,0,4,V,0,0,0,0,,,,,,,,,0.092846861,9.191265827
229,0,1621,0,0,0,0,0,0,1,1,0,2,TRUE,5,0,31947,38,1,1,0,0,1,0,0,0,0,3,0,25,2,0,0,0,57,V,0,0,0,0,,,,,,,,,,
227,0,1620,0,0,12000,0,0,0,0,0,0,4,TRUE,0,0,27364,46,0,1,0,0,1,0,1,0,0,2,0,78,7,0,0,0,35,V,0,0,0,0,0.055684802280066524,0.46840746445079917,0.019517141,0.2872139131879625,0.2303164655673053,0.5140850559120118,0.021400473,0.432954032,,
334,0,1821,0,0,0,0,0,0,1,0,0,11,TRUE,9,1,28976,38,0,1,0,0,1,0,1,1,0,2,0,338,28,0,0,0,1,M,0,0,0,0,,,,,,,,,0.31267460057763324,0.512027177
242,915,1830,52,2,2500,0,0,0,0,0,0,3,TRUE,2,1,32085,53,1,1,0,0,1,0,1,1,0,3,0,107,9,0,0,0,8,M,0,0,0,0,,,0.074346284,0.40540215805473434,,,,,,
227,810,1620,0,0,0,0,0,0,0,1,0,9,TRUE,6,0,34281,17,0,1,0,0,1,0,1,0,0,1,0,209,17,0,0,0,4,M,0,0,0,0,,,0.4462693049138794,0.4492410887633431,,,,,,
234,0,1635,0,0,0,0,0,0,0,1,0,5,TRUE,2,0,26606,50,1,0,0,0,1,1,1,0,0,3,0,671,56,0,0,0,4,M,0,0,0,0,0.878802149,0.6814779924923269,,,0.4981727416694441,0.047914542,0.8496807520167956,0.6283029749269493,,
1797,955.5,1911,0,0,3000,0,0,0,0,0,0,9,FALSE,5,0,,67,0,1,0,0,1,0,1,0,0,1,0,245,20,0,0,0,69,V,0,0,0,0,,,,,0.5889314046483328,0.18590271312261883,0.2285255772219601,0.279138518,0.9693279547434529,5.489448600246099
640,0,1777,0,0,0,0,0,0,0,0,0,8,TRUE,4,0,33665,54,0,1,0,0,2,0,1,0,0,3,0,443,37,0,1,199,2,V,0,0,0,0,,,,,0.5399912202419779,0.4584209294997949,,,,
229,0,1663,0,0,3500,0,0,0,0,0,0,8,TRUE,1,0,32509,47,0,1,0,0,1,0,1,1,0,2,0,371,31,0,0,0,4,V,0,0,0,0,,,,,0.9672656078826802,0.9859308822940964,,,,
5565,5516.5,11033,0,1,15000,0,0,0,0,0,0,4,TRUE,9,1,39366,35,1,1,0,0,3,0,1,1,0,3,3,333,28,0,0,0,21,V,3189.8800669454595,1,0,1,,,,,,,0.9550070427918418,0.3254058890404084,0.28407001814747784,5.777863135536011
227,0,1623,0,0,0,0,0,0,0,0,0,10,TRUE,3,0,,31,0,1,0,0,1,0,1,0,0,2,0,221,18,0,0,0,3,M,0,0,0,0,,,,,0.6902822856960724,0.09863965,,,,
1492,429,8191,1774,3,13000,0,1,0,1,1,0,8,TRUE,12,1,39747,38,0,1,0,0,1,0,1,1,0,2,3,408,34,0,0,0,26,M,0,0,0,0,0.016642175214527235,0.3734004585207917,,,,,,,,
6766,3995,3995,207,1,13000,0,0,0,0,1,0,9,TRUE,3,1,31305,44,0,1,0,0,2,0,1,1,0,3,1,325,27,0,0,0,74,M,0,0,0,0,,,0.2923209351810875,0.2878825066141896,,,,,0.7486781262421758,7.178391201683651
122993,6030,42142,0,0,5000,0,1,1,0,1,0,5,TRUE,6,0,56332,61,1,1,0,0,5,0,0,1,0,1,0,357,30,0,0,0,30,M,0,0,1,0,,,,,,,,,,
387,7,1760,0,0,750,0,0,0,1,1,0,2,TRUE,7,0,35756,23,1,1,0,0,1,0,1,0,0,2,0,210,18,0,0,0,38,V,0,0,0,0,0.19729989105981519,0.086620566,,,,,,,0.022640131853594304,3.589701689
272,19,1628,0,0,0,0,0,0,0,0,0,5,TRUE,8,0,33399,38,0,1,0,0,1,0,1,0,0,2,0,55,5,0,0,0,3,M,0,0,0,0,,,,,,,,,,
884,0,2907,0,0,1500,0,0,0,0,0,0,4,TRUE,4,1,26306,57,0,1,0,0,1,0,1,0,0,2,0,324,27,0,0,0,3,M,0,0,0,0,,,,,0.14186257984668177,0.12889307417374102,,,,
6174,5673.5,11347,0,0,4000,0,0,0,0,0,0,5,TRUE,8,0,43934,73,1,1,0,0,3,0,1,0,0,1,0,551,46,0,0,0,21,V,0,0,1,0,,,,,0.9565110906653095,0.25978168931079826,0.9859980342859965,0.7011247402626472,0.26438927613833696,3.73433976
2613,906,1958,0,0,0,0,0,0,0,0,0,3,TRUE,9,0,33770,71,0,1,0,0,2,0,1,0,0,1,0,122,10,0,0,0,4,M,0,0,1,0,0.6054342193069234,0.5838572102875372,0.837747781,0.46730937471779727,,,,,0.7290309069605047,2.480992193
227,810,1620,0,0,0,0,0,0,0,0,0,4,FALSE,7,0,26510,74,0,1,0,0,0,0,1,0,0,1,0,,,0,0,0,4,V,0,0,0,0,,,,0.38317237375375685,,0.5218649344030293,,,,6.36658442
227,0,1620,19,1,0,0,0,0,0,0,0,5,TRUE,2,1,41523,41,0,1,0,0,1,0,0,0,0,3,0,51,4,0,0,0,4,V,0,0,0,0,,,,,,,,,,
227,0,1620,0,0,4000,0,0,0,0,0,0,7,TRUE,2,0,35419,67,0,1,0,0,1,0,1,0,0,1,0,671,56,0,0,0,39,V,0,0,1,0,0.40070693205596186,0.036474693863974395,0.19315288905440514,0.8609518362011609,0.14265711533570402,0.045797998091473995,,,,
227,0,1620,1531,2,15000,0,0,0,1,1,0,10,TRUE,1,1,36314,27,1,1,0,0,1,0,1,1,0,3,1,86,7,0,0,0,24,V,0,0,0,0,,,,,,,,,0.13285969142072412,2.4005390627933703
7030,31,11418,177,1,4000,0,0,1,1,1,0,10,TRUE,8,1,34811,50,1,1,1,0,2,0,1,1,0,2,0,587,49,0,0,0,32,M,687.0352571,1,0,0,,,,,,,0.8194175564454025,0.5527583919272321,,
536,85,1897,0,0,10000,0,0,0,1,1,0,4,TRUE,12,0,21100,46,1,0,0,0,1,0,0,1,0,3,1,164,14,0,0,0,66,V,0,0,0,0,,,,,,,,,,
227,0,1627,0,0,0,0,0,0,1,1,0,11,TRUE,42,0,36148,28,0,1,0,0,1,0,1,1,0,1,0,242,20,0,0,0,4,V,0,0,0,0,0.5745813568257654,0.871985849,,,,,,,,
566,0,2390,892,3,12000,0,0,0,0,0,0,2,TRUE,4,1,37871,41,0,1,0,0,1,0,1,0,0,3,1,338,28,0,0,0,89,V,833.4760882584377,1,0,0,,,,,0.7719339461169684,0.9464874325602003,,,,
497,104,1686,0,0,0,0,0,0,1,0,0,7,TRUE,7,0,38219,37,0,1,0,0,1,0,1,0,0,2,0,326,27,0,0,0,1,V,0,0,0,0,,,,,0.8016954323123694,0.8246492424685014,,,0.7808666784943047,6.632745591603499
4090,1579,2292,0,0,0,0,0,0,0,0,0,9,TRUE,3,0,36028,63,0,1,0,0,2,0,1,0,0,1,0,248,21,0,0,0,3,V,0,0,1,0,,,0.15027507904055815,0.3824982685505733,,,0.30950334121258877,0.5397892155827165,,
227,810,1620,0,0,0,0,0,0,0,1,0,10,TRUE,8,0,33990,60,1,0,1,0,0,0,1,0,0,1,0,,,0,2,0,4,M,0,0,0,0,,,,0.6126198955526119,,0.3682792611427668,,,,
18300,1464,21087,91,1,0,0,0,1,1,0,0,2,FALSE,3,1,34923,50,0,0,0,0,3,2,1,0,1,3,2,252,21,0,1,0,60,M,0,0,0,0,,,0.48840688798587306,0.21621064678192234,,,0.19747461711546405,0.8086541718238858,,
1419,281,2522,0,0,15000,0,0,0,1,1,0,7,FALSE,17,0,26018,38,1,0,0,0,1,0,1,1,1,2,3,287,24,0,0,0,40,M,0,0,0,0,0.47893177726567804,0.7819672064171207,,,,,0.6086923860271427,0.7814960235159293,,
227,0,1620,0,0,0,0,0,0,0,0,0,3,TRUE,5,0,33056,46,1,1,0,0,0,0,1,0,0,2,0,,,0,0,0,4,M,0,0,0,0,,0.7468280675791433,,,,,,,,5.370323673
324,835.5,1671,0,0,750,0,0,1,1,1,0,3,TRUE,7,0,39218,20,1,1,0,0,1,0,1,0,0,1,0,79,7,0,0,0,11,M,0,0,0,0,,,,,,,0.19086426897603676,0.3840173107426203,,
270,16,1628,0,0,750,0,0,0,0,1,0,2,TRUE,4,0,28047,17,0,1,0,0,1,0,1,0,0,1,0,79,7,0,0,0,1,M,0,0,0,0,,,0.09837044,0.091743312,0.066344835,0.7852496185209663,0.6049355043134107,0.842049405,0.6581848600194478,5.3855075599981905
245,0,1991,0,0,0,0,0,0,0,0,0,2,TRUE,5,0,27191,32,0,1,0,0,1,0,1,0,0,2,0,268,22,0,0,0,2,V,0,0,0,0,,,,,,,,,,
855,261,1763,0,0,1500,0,0,0,1,0,0,6,TRUE,4,0,36560,18,0,1,0,0,1,0,1,0,0,1,0,242,20,0,0,0,1,V,0,0,0,0,,,,,,,0.6256255643294166,0.36018361447919484,0.8305455877047759,5.9768774439874806
4887,0,8581,348,1,4000,0,0,1,1,1,0,3,FALSE,7,0,34206,55,1,1,0,0,2,0,1,1,1,2,0,246,21,0,0,0,3,M,0,0,0,1,,,,,,,,,,
286,2,1716,1687,3,0,0,0,0,0,0,0,8,TRUE,3,0,29807,38,0,1,0,0,1,0,0,0,0,2,0,288,24,0,0,0,63,V,0,0,0,0,,,,,,,,,,
227,0,1788,0,0,0,0,0,0,0,0,0,10,TRUE,0,0,29021,29,0,1,0,0,1,0,1,0,0,2,0,,,0,0,0,4,M,0,0,0,0,,,,0.8296370349473684,,,,,,
227,0,1620,0,0,0,0,0,0,0,0,0,8,TRUE,9,0,32306,18,0,1,0,0,1,0,1,0,0,1,0,212,18,0,0,0,3,V,0,0,0,0,,,,,,,,,,
2025,0,4366,0,0,15000,0,0,0,0,0,0,12,TRUE,6,0,40170,58,1,1,0,0,2,0,1,1,0,1,0,364,30,0,0,0,70,V,3091.3805176669994,1,0,0,,,0.3936845165721827,0.9179481275072614,,,0.9970181228477307,0.3853101741632899,0.7114612449456524,4.795566697
564,867.5,1735,0,0,8000,0,0,0,1,1,0,7,TRUE,9,0,32948,61,0,1,0,0,4,6,1,0,0,1,0,551,46,0,0,0,62,M,0,0,1,0,,,,,,,,,,
1833,8,2915,0,0,4500,0,0,0,0,0,0,10,TRUE,4,0,26429,60,0,1,0,0,2,0,1,0,0,2,0,563,47,0,0,0,64,M,0,0,0,0,0.6807187038027174,0.9661915741041986,,,,,,,,
227,0,1620,0,0,0,0,0,0,0,0,0,9,FALSE,0,0,23758,46,1,1,0,0,0,0,1,0,1,2,2,,,0,1,0,2,V,0,0,0,0,,,,,,,,,,
2787,1076,2041,0,0,0,0,0,0,0,0,0,7,TRUE,9,0,42801,55,0,1,0,0,1,0,1,0,0,3,0,125,10,0,0,0,1,M,0,0,0,0,,,,,0.9717057994230457,0.9232440078783052,,,,
318,0,1734,25,1,1500,0,0,0,0,0,0,6,TRUE,1,0,31830,47,0,1,0,0,1,0,1,0,0,2,0,341,28,0,0,0,52,M,0,0,0,0,0.11443386628040024,0.016512049411499034,,,,,0.7892685686979308,0.6649837656400803,0.9291171929364549,4.787865861915741
1866,56,7135,0,0,2500,0,0,0,1,1,0,4,TRUE,0,1,22823,52,1,1,1,0,2,0,1,0,0,2,0,411,34,0,0,0,50,V,0,0,0,0,,,,,,,,,,
227,0,1620,0,0,0,0,0,0,0,0,0,5,TRUE,0,0,32399,36,1,1,0,0,2,0,1,0,0,3,0,242,20,0,0,0,26,V,0,0,0,0,,,,,,,,,0.24982143330456133,5.438947246
227,0,1620,0,0,0,0,0,0,0,0,0,10,TRUE,6,0,33268,41,0,0,0,0,1,0,0,0,0,2,0,26,2,0,0,0,4,M,0,0,0,0,,,,,,,,,,
270,0,1636,0,0,0,0,0,0,0,0,0,2,TRUE,3,0,28936,35,1,1,1,0,1,1,1,0,0,3,0,477,40,0,2,0,1,M,0,0,0,0,,,,,,,0.6102187588192087,0.021092123929631626,,
976,2459,4918,0,3,12500,0,0,0,1,0,0,9,TRUE,11,1,30790,35,1,1,0,0,1,0,1,1,0,3,1,253,21,0,0,0,154,M,0,0,0,0,0.2899033175712623,0.9161277696215954,,,,,,,,
433,0,6071,0,2,15000,0,0,0,1,0,0,5,TRUE,5,1,28832,27,1,1,0,0,1,0,1,0,0,3,0,207,17,0,0,0,28,V,1017.1537849042984,1,0,0,0.4066028511298137,0.4896542023548438,,,,,0.6366932613005919,0.9039892062438443,0.13084801000523133,1.709926523698281
227,0,1620,0,0,0,0,0,0,0,0,0,8,TRUE,5,0,38595,34,0,1,0,0,0,0,1,0,0,2,0,,,0,0,0,2,M,0,0,0,0,,0.9318244743646006,,,,,,,,9.065139781992901
248,9,1624,0,0,0,0,0,0,0,0,0,6,TRUE,3,0,43621,25,0,1,0,0,1,0,0,0,0,1,0,304,25,0,0,0,4,M,0,0,0,0,,,,,,,,,,
227,0,1620,0,0,0,0,0,0,0,0,0,2,TRUE,4,0,16926,43,0,1,0,0,1,0,0,0,0,2,3,296,25,0,0,0,4,V,0,0,0,0,,,,,,,,,,
3211,3115,3115,0,0,5000,0,0,1,0,1,0,6,TRUE,12,0,27951,58,1,1,0,0,3,0,1,1,0,1,0,473,39,0,0,0,34,V,6275.166296603781,1,1,0,,,0.6198375369407916,0.7364513305001019,0.7971121513320616,0.4732004120329774,,,,
4014,3158,3158,42,1,15000,0,0,0,0,1,0,1,TRUE,6,1,21641,35,0,0,0,0,2,0,1,1,0,3,3,469,39,0,0,0,68,V,1567.619335825551,1,0,0,0.715451495,0.8885569547760439,,,,,0.4583816060323747,0.9421292562228395,,
227,0,1620,0,0,0,0,0,0,0,0,0,6,TRUE,3,0,20222,27,0,0,0,0,1,0,0,0,0,3,0,77,6,0,0,0,40,M,0,0,0,0,,,,,,,,,,
227,0,1620,0,0,0,0,0,0,0,0,0,1,TRUE,5,0,35859,58,0,1,0,0,1,0,1,0,0,2,0,237,20,0,0,0,4,V,0,0,0,0,,,,,,,,,,
2935,981,2019,0,0,750,0,0,0,0,0,0,7,TRUE,7,1,32858,22,0,1,0,0,1,0,1,0,0,2,0,295,25,0,0,0,3,M,0,0,0,0,0.032338742,0.10045410151113086,,,0.1754811094149031,0.252780503,0.11864176623210282,0.6426157429132342,,
1650,552,1807,0,0,5000,1,0,0,1,1,0,4,TRUE,7,1,31897,23,1,1,0,0,1,0,0,1,0,3,0,162,14,0,0,0,43,V,0,1,0,0,,,,,,,,,,
2113,2259.5,4519,0,0,0,0,0,1,1,1,0,2,TRUE,9,0,31177,57,1,1,0,0,2,0,1,0,0,1,0,242,20,0,0,0,1,M,0,0,1,0,0.3645368375700491,0.8067838961539954,,,0.9626362414415487,0.47741616959416877,,,,
556,110,1694,0,0,0,0,0,0,0,0,0,8,TRUE,1,0,25482,16,0,1,0,0,1,1,1,0,0,3,1,264,22,0,0,0,4,M,0,0,0,0,,,,,0.034337179,0.4479005340075694,,,,
234,1011,2022,0,2,15000,0,0,0,0,0,0,6,TRUE,5,1,33548,41,1,1,0,0,1,0,1,0,0,3,2,523,44,0,0,0,134,M,0,0,0,0,0.7605752201363764,0.48074538517932014,,,,,,,0.8021129000825342,5.760952903
4528,796,6679,0,0,3500,0,1,1,1,0,0,6,TRUE,2,1,33060,24,1,1,0,0,2,0,1,0,0,2,0,334,28,0,1,0,4,M,0,0,0,0,,,,,,,,,,
453,0,1859,0,0,0,1,0,0,0,1,0,0,TRUE,1,0,39695,48,0,1,0,0,1,0,1,0,0,3,0,396,33,0,2,0,4,M,0,0,0,0,0.7733066518777162,0.7964602003653279,,,,,0.5614969921151003,0.9087786885316298,,
16552,127,41127,0,0,7000,0,0,0,0,0,0,8,FALSE,6,1,32640,72,1,1,0,0,3,0,1,1,0,1,0,324,27,0,0,0,47,V,0,0,1,0,,,,,,,,,,
230,1,1636,0,0,0,0,0,0,0,1,0,7,FALSE,8,0,31652,52,1,1,0,0,1,0,1,0,1,2,0,163,14,0,0,0,3,M,0,0,0,0,,,,,,,0.095702368,0.24092397175045288,,
227,0,1620,0,0,4500,0,0,0,1,0,0,10,TRUE,7,0,31362,23,1,1,0,0,1,0,1,0,0,3,0,7,1,0,0,0,4,V,0,0,0,0,,,,,0.8901595320623348,0.6570680349467709,,,,
601,1007,2014,184,1,15000,0,0,0,1,0,0,9,TRUE,3,1,23881,33,0,1,0,0,1,0,1,1,0,3,0,269,22,0,0,0,26,V,1847.742631024109,1,0,0,,,,,0.7582864347484987,0.39507847497476895,,,,
1259,0,2457,0,0,8000,0,0,0,0,0,0,9,TRUE,2,0,31520,41,1,1,0,0,2,0,1,0,0,3,1,399,33,0,0,0,4,V,4533.695346387306,1,0,0,,,,,,,0.5785613064317645,0.25937616692552834,,
2359,687,2006,0,0,2500,0,0,0,0,0,0,9,TRUE,8,0,25926,66,1,1,0,0,1,0,1,0,0,1,0,575,48,0,0,0,13,M,0,0,1,0,,,0.8596308974648625,0.3310447958727469,,,,,0.11686229064700311,1.967070201
622,86,1766,0,0,2500,0,0,0,1,0,0,6,TRUE,8,0,46844,17,0,1,0,0,1,0,1,0,0,2,0,230,19,0,0,0,2,M,159.44017722627984,1,0,0,,,0.4838999779569744,0.052847803359717185,0.5323673435780587,0.26618835123528434,,,,
9722,3609,6246,0,0,8000,0,0,0,1,1,0,5,TRUE,9,0,26964,64,1,1,0,0,2,0,1,1,0,1,0,333,28,0,0,0,39,M,0,0,1,0,,,,,0.044191077,0.1584703932134636,,,,
227,0,1675,1802,1,15000,0,0,0,0,0,0,1,TRUE,7,1,37646,38,0,1,0,0,1,0,1,0,0,3,0,233,19,0,1,0,10,M,0,0,0,0,,,,,0.471390803,0.9478969669310263,,,,
964,93,2016,0,0,0,0,0,0,0,0,0,3,TRUE,4,0,46036,30,0,1,0,0,1,0,1,0,0,3,0,205,17,0,0,0,4,M,0,0,0,0,0.6069286084029589,0.1630126972154166,,,0.020657383736193753,0.009848771,,,0.3221025046604911,5.985712481
233,1,2088,0,0,3000,0,0,0,1,1,0,1,TRUE,6,0,16799,32,1,0,0,0,1,0,0,0,0,3,0,15,1,0,0,0,15,V,0,0,0,0,,,,,,,,,,2.504457795
836,810.5,1621,0,0,0,0,0,0,1,0,0,7,TRUE,9,0,41596,22,1,1,0,0,0,0,1,0,0,2,0,3,0,0,0,0,4,M,0,1,0,0,,,0.4124960494576074,0.2614278570610115,,,0.8106207600592757,0.8352933794933061,,
227,0,1653,0,0,0,0,0,0,0,0,0,9,TRUE,8,0,27488,23,0,0,0,0,1,0,1,0,0,2,0,9,1,0,0,0,4,V,0,1,0,0,0.638539564,0.9044805612542086,,,0.9221751643529338,0.35422542808163826,0.750944984,0.15452595884278494,,
227,0,1621,0,0,0,0,0,0,0,0,0,8,TRUE,5,0,,54,1,1,0,0,1,1,0,0,0,2,0,94,8,0,0,0,3,M,0,0,0,0,,,,,,,,,,3.7082555184128703
13853,2386,7623,0,0,0,0,0,0,0,0,1,11,TRUE,8,1,53732,55,1,1,1,0,3,0,1,1,0,2,0,375,31,0,0,0,4,V,1389.1733579691056,1,0,0,,,,,,,0.014701226007424458,0.8474847636496367,,
725,1087,2174,0,0,0,0,0,0,1,0,0,10,TRUE,11,1,43039,46,0,1,0,0,1,0,1,0,0,2,0,410,34,0,0,0,1,M,0,0,0,0,,,,,,,,,,
2046,756,1674,0,0,0,0,0,1,0,0,0,6,TRUE,0,0,32322,40,1,1,0,0,4,6,1,0,0,3,4,404,34,0,0,0,2,M,0,0,0,0,,,,,,,,,0.8231842946294718,3.6000826457390804
227,810,1620,0,0,0,0,0,0,0,1,0,10,TRUE,5,0,34577,32,0,1,0,0,0,0,1,0,0,3,0,,,0,0,0,2,M,0,0,0,0,,,,,,,,0.8984907442752136,,
227,0,1620,0,0,0,0,0,0,0,0,0,1,TRUE,2,0,41693,62,1,1,0,0,1,0,1,0,0,1,0,170,14,0,0,0,4,V,0,0,1,0,,,0.8445307437468446,0.65577163,0.2929018994951427,0.17603562376998014,,,,
3725,41,4455,41,1,3500,0,0,1,1,0,0,3,TRUE,2,1,33332,55,1,1,0,0,2,0,1,0,0,2,0,563,47,0,0,0,38,M,0,0,0,0,,,,,,,,,,
2301,96,5045,366,1,15000,1,0,0,1,1,0,5,TRUE,11,1,37433,46,0,1,0,0,2,0,1,0,0,2,3,293,24,0,1,0,65,M,4498.751158381897,1,0,0,0.15654343039937627,0.10247574865304583,,,,,0.17903256132546946,0.19469436576619728,0.3528473060745392,2.3237121726700303
7437,364,9443,0,0,3000,0,0,0,0,0,0,6,FALSE,8,0,30205,59,1,1,0,0,2,0,1,0,1,1,0,384,32,0,0,0,47,M,5971.577965646757,1,1,0,0.060266338,0.15269088937441405,,,,,,,0.38872381401837863,3.715920257
2280,1949,1949,0,0,0,0,0,0,0,0,0,11,FALSE,9,0,27725,45,0,0,0,0,1,0,1,0,1,2,1,242,20,0,0,0,4,V,0,0,0,0,,,0.5154147632829611,0.9234939979653015,,,,,,
19858,378,26884,0,0,13000,1,1,1,1,1,0,4,TRUE,12,1,35812,61,1,1,1,0,3,0,1,1,0,1,0,187,16,0,2,0,153,M,0,0,1,1,0.3606576063942439,0.9423138209842455,,,,,,,0.48357062094530945,1.650118772
252,10,2339,0,0,0,0,0,0,1,1,0,2,TRUE,7,0,29441,22,0,1,0,0,1,0,1,0,0,1,1,73,6,0,0,0,12,M,0,0,0,0,,,0.21186952218571675,0.39147205514185257,,,0.9219742623657391,0.9257272735668044,,
25432,5395,29577,0,0,2500,0,0,0,0,1,0,2,TRUE,6,1,32519,72,0,1,0,0,3,0,1,0,0,1,0,386,32,0,0,0,16,V,0,0,0,0,,,,,,,,,,
472,102,1662,0,0,0,0,0,0,0,0,0,2,TRUE,6,0,29786,53,1,1,0,0,1,0,1,0,0,2,0,242,20,0,0,0,4,V,0,0,0,0,,,,,,,,,,
265,0,1641,0,0,2500,0,0,0,1,1,0,8,FALSE,6,0,30320,44,0,1,0,0,1,0,1,0,1,1,0,202,17,0,0,0,3,M,0,0,0,0,0.9766619711464456,0.6134900046900633,0.5432351831041576,0.030547218854561412,,,0.7413025101526314,0.940746951,0.3207081886651277,6.991301387336531
227,0,1656,619,1,10000,0,0,0,0,0,0,1,TRUE,4,1,33238,37,1,1,0,0,1,0,1,0,0,3,3,384,32,0,0,0,45,V,0,0,0,0,,,0.932458212,0.4158255596803468,,,0.10685513424140576,0.10890123226781855,0.37039463711154197,10.688072907415199
227,0,1620,0,0,0,0,0,0,0,0,0,,TRUE,5,0,37632,61,0,1,,,0,0,1,0,0,1,0,,,0,0,0,4,V,0,,0,0,,,,,,,,,,
707,163,4296,0,0,13000,0,0,0,0,0,0,2,FALSE,6,0,33137,46,0,1,0,0,1,0,1,0,1,2,0,255,21,0,0,0,28,V,0,0,0,0,,,,,0.34335773638747397,0.1295424761142119,0.11792830150362248,0.6181179286957175,,
853,971.5,1943,0,0,0,0,0,0,1,1,0,2,TRUE,3,1,31676,23,1,1,0,0,1,0,1,0,0,2,1,130,11,0,0,0,17,M,1061.9871150553479,1,0,0,,,,,0.7863712383606635,0.7654649160334903,0.2239576252069662,0.5500041565430431,,
2070,17,3046,0,0,2500,0,0,1,1,0,0,4,FALSE,7,0,31981,46,1,1,1,0,3,0,1,1,1,2,1,325,27,0,5,1682,157,V,0,0,0,0,,,,,0.043495989,0.026735371667277803,0.3743358434386692,0.8618110702573729,,
422,32,1667,0,0,0,0,0,0,1,0,0,6,FALSE,5,0,32937,50,1,1,0,0,1,0,1,0,0,1,0,255,21,0,0,0,30,V,0,0,0,0,,,,,,,,,,
231,0,3920,0,0,0,0,0,0,1,0,0,1,TRUE,9,0,32339,24,1,0,0,0,1,0,0,0,0,2,0,4,0,0,0,0,5,V,0,0,0,0,,,,,,,,,,7.0844625704478394
238,821.5,1643,0,0,0,0,0,0,0,0,0,8,TRUE,6,0,,31,0,1,0,0,1,0,0,0,0,2,0,224,19,0,0,0,2,V,0,0,0,0,,,,,,,,,,
11586,843,17769,1933,1,0,0,0,0,0,0,0,1,TRUE,6,1,33064,53,1,1,0,0,3,4,1,0,0,2,0,671,56,0,0,0,90,M,2380.9162590589517,1,0,1,,,,,0.4667563060838918,0.40973552692816895,,,,
958,0,2229,0,0,0,0,0,0,0,1,0,10,TRUE,6,0,33065,62,0,1,0,0,3,0,1,0,0,2,0,350,29,0,0,0,29,M,3612.0908087321377,1,1,0,,,,,0.3402049729769443,0.3161764094582934,,,0.6691105549845258,3.28447103
3392,2447,2447,0,0,15000,0,0,0,0,0,0,2,TRUE,8,0,47363,66,0,1,0,0,2,0,1,0,0,1,0,324,27,0,0,0,16,M,0,0,1,0,0.9947759253544588,0.7241865354024969,,,,,,,,
823,204,1789,0,0,3500,0,0,0,0,1,0,1,TRUE,7,0,26338,62,0,1,0,0,2,0,1,0,0,1,0,413,34,0,0,0,26,M,0,0,1,0,,,,,,,,,,
4783,826,3863,0,0,0,0,0,0,0,0,0,10,FALSE,8,0,31264,76,1,1,0,0,2,0,1,0,0,1,0,539,45,0,0,0,25,V,0,0,0,0,,,,,,,0.3183563599201868,0.033373092,,
227,0,1620,0,0,0,0,0,0,0,0,0,6,TRUE,1,0,29063,31,0,1,0,0,1,0,0,0,0,2,0,133,11,0,0,0,4,V,0,0,0,0,,,,,,,,,,
227,0,1621,0,0,0,0,0,0,0,0,0,4,TRUE,8,0,39153,54,1,1,0,0,1,0,1,0,0,1,0,305,25,0,0,0,2,M,0,0,0,0,,,,,,,,,,
245,810.5,1621,0,0,0,0,0,0,0,0,0,7,TRUE,0,0,43647,54,0,1,0,0,1,0,1,0,0,1,0,4,0,0,0,0,4,V,0,0,0,0,,,,,0.42177024,0.549995162,,,,
243,825.5,1651,0,0,750,0,0,0,1,0,0,9,TRUE,8,0,49524,18,0,1,0,0,1,0,1,0,0,1,0,242,20,0,0,0,4,M,0,0,0,0,,,,,,,,,,
1119,3,22739,1221,3,0,0,0,0,0,0,0,5,TRUE,2,0,36233,40,1,1,0,0,1,4,1,0,0,3,2,551,46,0,0,0,21,M,0,0,0,0,,,,,,,0.5887872354390116,0.15176243431072353,0.7282357409056716,5.3137003004706305
4315,1045,3671,0,0,3000,0,0,0,0,0,0,6,TRUE,9,1,54579,50,1,1,0,0,3,0,1,1,0,3,0,399,33,0,0,0,83,V,0,0,0,0,,,,,,,0.8702857434741242,0.6398699645769805,,
239,5,5476,595,1,0,0,0,0,1,0,0,6,TRUE,6,0,30430,42,0,1,0,0,1,0,1,1,0,2,2,131,11,0,1,0,4,V,0,0,0,0,,,0.29672060141116774,0.6348331820791104,0.4615461910208955,0.6407898502578904,,,,
332,1,1634,0,0,750,0,0,0,1,0,0,4,TRUE,0,0,35291,20,0,1,0,0,1,0,1,0,0,1,0,264,22,0,0,0,4,M,0,0,0,0,,,,,0.40808165403068103,0.7330971357000235,,,0.8268972604747636,6.166018649
813,2386.5,4773,514,2,5000,0,0,0,1,0,0,6,TRUE,7,1,33592,37,1,1,0,0,1,0,1,1,0,3,2,518,43,0,0,0,120,V,1274.8705496526231,1,0,0,0.20703593343765442,0.020645376659423172,,,,,,,,
227,0,2183,1967,4,15000,0,0,0,1,0,0,8,TRUE,5,1,32328,37,1,1,0,0,1,0,1,1,0,3,0,326,27,0,0,0,240,M,0,0,0,0,,,0.070642973,0.4756876381275229,,,,,,
227,0,1620,0,0,0,0,0,0,0,1,0,5,TRUE,9,0,33628,37,0,1,0,0,1,0,1,0,0,2,1,473,39,0,0,0,2,V,0,0,0,0,,,,,,,0.6167895554998873,0.6480818435299295,0.23886144346696273,0.846195631
227,810,1620,0,0,0,0,0,0,0,1,0,8,TRUE,4,1,24959,48,0,1,1,0,0,0,1,0,0,3,0,,,0,1,2472,3,V,0,0,0,0,,,,,,,,,,
3709,1438,3100,155,3,2500,0,0,0,0,1,0,4,TRUE,9,1,27693,38,1,0,0,0,3,0,1,1,0,3,4,287,24,0,0,0,66,V,0,0,0,0,0.7424592090580866,0.8781781762552335,,,0.9496569775070649,0.4232399159322248,,,,
227,0,1620,0,0,0,0,0,0,0,1,0,2,FALSE,1,0,37198,67,0,1,0,0,0,0,1,0,0,1,0,,,0,0,0,4,V,0,0,0,0,,0.3672901940165035,,,,,,,,
5886,122,14047,0,0,6000,0,0,1,0,0,0,4,FALSE,7,0,45054,75,0,1,0,0,2,0,1,0,0,1,0,350,29,0,0,0,64,V,0,0,0,0,0.3900544371722659,0.2792139393585338,,,,,,,,
10215,2750,2750,0,0,0,0,0,0,0,0,0,10,TRUE,4,0,49709,63,1,1,0,0,2,0,1,0,0,1,0,286,24,0,0,0,4,M,0,0,0,0,0.3614188417877922,0.37620727840250834,,,,,,,,
1027,0,2330,0,0,4000,0,0,0,1,1,0,7,TRUE,9,1,38755,34,1,1,0,0,1,0,1,1,0,3,0,185,15,1,0,0,4,V,3706.0297766293806,1,0,0,,,0.5837642630900097,0.23358409447694828,,,,,,
810,191,1734,0,0,0,0,0,0,1,1,0,9,TRUE,2,0,26338,21,0,1,0,0,1,0,1,0,0,1,0,242,20,0,0,0,10,M,0,0,0,0,0.25524701180690607,0.38656237034860336,,,,,,,0.18483822886376144,4.394617873013391
268,0,2133,1769,2,5500,0,0,0,1,0,0,5,TRUE,0,1,,31,0,1,0,0,1,0,1,0,0,2,2,422,35,0,0,0,28,V,0,0,0,0,0.10848168726070717,0.13135607502218088,,,,,,,,
715,118,2090,0,0,3000,0,0,0,1,0,0,2,FALSE,1,0,28003,46,1,0,0,0,1,0,1,0,1,2,0,324,27,0,0,0,25,V,1019.2685433818103,1,0,0,0.3140327480592986,0.4862441963643078,0.6552498251286668,0.49238212720765434,,,,,,
17146,9463,9463,0,0,6000,0,0,0,0,0,0,6,TRUE,1,1,30100,66,0,1,0,0,3,0,1,0,0,1,0,599,50,0,0,0,44,M,0,0,1,0,,,,,,,,,,
227,810,1620,0,0,0,0,0,0,0,1,0,6,TRUE,8,0,28936,65,1,1,1,0,0,0,1,0,0,1,0,,,0,1,0,4,M,0,0,1,0,,0.2737210076476332,,,,,,,,
227,0,1620,0,0,0,0,0,0,0,0,0,3,TRUE,5,0,29858,49,0,1,0,0,0,0,1,0,0,2,0,,,0,0,0,4,M,0,0,0,0,,0.304716385,,,,,,,,
2091,773,7027,1687,1,15000,1,0,0,1,0,0,8,TRUE,1,1,33748,23,0,1,0,0,1,0,1,1,0,3,0,304,25,0,1,0,55,M,0,0,0,0,,,,,0.2760520304735916,0.5753097781848228,,,0.9738111730647315,9.319218853461368
270,16,1670,0,0,750,0,0,0,1,0,0,9,TRUE,4,0,15914,17,1,0,0,0,1,0,1,0,0,1,0,157,13,0,0,0,9,M,0,0,0,0,,,,,,,,,0.48500097494629274,1.976040166
227,810,1620,0,0,0,0,0,0,0,0,0,10,TRUE,4,0,36034,67,0,1,0,0,0,0,1,0,0,1,0,,,0,0,0,4,V,0,0,0,0,,,,,,,,,,1.794898517
227,0,1620,0,0,0,0,0,0,0,0,0,1,TRUE,0,0,34003,48,1,1,0,0,1,0,1,0,0,2,0,39,3,0,0,0,4,V,0,0,0,0,0.8291101560962053,0.6127941103467055,,,0.1556204060394707,0.5675991713386225,,,,
2067,311,2051,0,0,0,0,0,0,0,1,0,7,FALSE,9,0,41529,71,0,0,0,0,1,0,1,0,1,1,0,278,23,0,0,0,4,V,0,0,1,0,,,,,,,,,,
1327,460,1844,0,0,1500,0,0,0,0,0,0,1,TRUE,9,0,32481,43,1,1,0,0,1,0,1,0,0,3,4,166,14,0,0,0,20,V,0,0,0,0,,,,,,,0.8997708518921145,0.43839913214256515,,
227,0,1635,0,0,0,0,0,0,1,0,0,4,TRUE,4,0,27067,25,1,1,0,0,1,0,1,0,0,1,1,83,7,0,0,0,4,M,0,0,0,0,,,,,,,,,,
875,233,1664,0,1,11000,0,0,0,0,0,0,1,TRUE,2,1,27536,25,0,1,0,0,1,1,1,0,0,3,3,376,31,0,0,0,75,V,0,0,0,0,,,,,,,,,0.8378241757074693,9.528776605915231
3587,2449.5,4899,0,0,13000,0,0,1,1,1,0,9,TRUE,2,1,30170,57,1,1,1,0,2,0,1,1,0,3,0,487,41,0,1,9560,162,M,0,0,0,0,,,0.6867372645820035,0.46318433952178584,,,,,,
227,810,1620,0,0,0,0,0,0,0,1,0,4,TRUE,2,0,25186,53,1,1,0,0,1,0,0,0,0,2,0,7,1,0,0,0,4,M,0,0,0,0,,,,,,,,,,
230,0,2124,0,0,0,0,0,0,0,0,0,11,TRUE,1,0,,44,0,1,0,0,1,0,0,1,0,2,0,190,16,0,0,0,1,M,0,0,0,0,,,,,,,,,,8.193082727248841
495,112,1666,0,0,0,0,0,0,0,1,0,5,TRUE,4,0,21351,68,0,1,0,0,2,0,1,0,0,1,0,324,27,0,0,0,4,V,0,0,0,0,,,,,,,,,,
861,0,2426,0,0,0,0,0,1,0,1,0,9,TRUE,2,0,35590,53,1,1,0,0,1,0,1,0,0,2,0,103,9,0,0,0,3,V,0,0,0,1,,,,,0.13499082260494671,0.4591282990076008,,,,
672,0,1885,19,1,2500,0,0,0,1,0,0,8,FALSE,7,1,30989,43,1,1,0,0,1,0,1,0,1,2,2,368,31,0,1,393,21,V,0,0,0,0,0.20481481855552897,0.6575634406526788,0.14120305826330118,0.5257378649989436,,,,,,
7143,2150,3905,0,0,4000,0,0,0,0,0,0,4,FALSE,0,1,27339,63,1,1,0,0,2,0,1,0,0,1,0,384,32,0,0,0,71,V,4174.940871759715,1,0,0,,,,,,,,,0.33455438771934776,3.654026596
949,230,2010,0,0,3000,0,0,0,1,0,0,8,TRUE,9,0,34813,35,1,1,0,0,1,0,1,1,0,2,0,151,13,0,0,0,14,M,590.2878719003485,1,0,0,,,,,0.23188370879676892,0.4380239362463824,,,0.8539428570971836,9.037082237
227,0,1620,0,1,14000,0,0,0,1,1,0,3,TRUE,15,0,32361,51,1,1,0,0,1,0,1,1,0,3,0,351,29,0,0,0,4,V,0,0,0,0,,,,,,,0.9528268683447012,0.8645865029576717,,
227,0,1620,0,0,2500,0,0,0,0,1,0,4,TRUE,4,0,51328,36,1,1,0,0,1,0,1,0,0,2,0,128,11,0,0,0,20,V,0,0,0,0,0.9773330904211207,0.8899052955761797,,,,,0.913816161,0.090536849,,
7779,3087,3589,0,0,11000,0,0,0,0,0,0,8,TRUE,6,0,29693,45,0,0,0,0,2,1,1,0,0,3,1,357,30,1,3,0,22,M,0,0,0,0,,,0.44700836106904546,0.4617499377837043,0.38521792275698136,0.5196731016091171,0.70671944,0.6862110418851026,,
505,92,1665,0,0,0,0,0,0,0,0,0,2,TRUE,0,0,36511,53,0,1,0,0,1,0,1,0,0,3,0,611,51,0,0,0,1,V,0,0,0,0,0.6286478301489129,0.079139602,,,0.5064181819449839,0.4119221233377465,,,,
1197,126,5754,0,0,0,0,0,0,1,0,0,9,FALSE,6,1,35141,50,1,1,0,0,1,1,1,0,1,2,0,472,39,0,2,0,163,V,0,0,0,0,,,,,,,,,,
237,890.5,1781,0,0,4500,0,0,0,1,0,0,7,TRUE,0,0,34043,25,1,1,0,0,4,6,1,0,0,3,0,326,27,0,0,0,32,M,0,0,0,0,,,,,0.792478561,0.9521568672820215,,,0.5945960688280926,4.883990217
227,0,1620,0,0,0,0,0,0,0,0,0,2,FALSE,6,0,35978,57,0,1,0,0,1,0,1,0,1,2,0,98,8,0,0,0,4,M,0,0,0,0,,,,,0.24183090785046596,0.3943861048429074,,,0.10589204229405397,2.807174803
229,0,2690,0,0,12500,0,0,0,1,0,0,4,TRUE,20,0,29469,36,1,1,0,0,1,0,1,0,0,3,1,189,16,0,0,0,53,V,0,0,0,0,,,0.9759910900351809,0.9763494574900827,,,,,,
375,62,1676,0,0,750,0,0,0,1,1,0,7,TRUE,9,0,29202,20,0,1,0,0,1,0,1,0,0,1,0,154,13,0,0,0,3,M,0,0,0,0,,,,,,,,,,
3578,1408,2164,0,0,0,0,0,0,0,0,0,10,TRUE,5,1,26684,40,0,1,0,0,2,0,1,0,0,3,0,590,49,0,0,0,4,V,0,0,0,0,,,,,0.5270785286125341,0.41407001037453783,,,0.5704720329868653,5.714418883
4294,618,5440,703,1,15000,0,0,0,1,0,0,2,TRUE,2,1,34906,53,1,1,1,0,2,0,1,1,0,3,0,563,47,0,1,0,118,M,0,0,0,0,0.849339788,0.6093144785796789,,,,,,,0.3922715594873633,3.070320176
302,30,1632,0,0,0,0,0,0,1,0,0,5,TRUE,5,0,34801,16,0,1,0,0,1,0,1,0,0,3,2,262,22,0,0,0,45,M,0,0,0,0,,,0.7761216366378036,0.6947280978492613,0.11140839436192373,0.15705112035720772,,,,
319,34,1639,0,0,0,0,0,0,0,0,0,5,TRUE,9,0,28543,59,0,1,0,0,1,0,1,0,0,1,0,671,56,0,0,0,3,M,0,0,1,0,,,,,,,0.5173726415399641,0.043634717708793964,,
369,11,1954,0,0,3500,0,0,0,0,1,0,8,TRUE,13,0,24657,51,1,1,0,0,1,1,1,1,0,2,0,350,29,0,0,0,108,M,0,0,0,0,,,,,0.7894658042567264,0.023999978966410873,0.766425255,0.057988863565476424,,
1103,2367.5,4735,713,1,4000,0,0,0,1,1,0,5,TRUE,8,1,25499,29,1,1,0,0,1,0,1,0,0,2,0,386,32,0,0,0,43,M,394.7932021644915,1,0,0,,,,,,,,,,
3781,2810,2810,0,0,10000,0,0,0,0,1,0,6,FALSE,5,0,33853,44,1,1,0,0,2,0,1,0,0,2,1,345,29,0,1,0,41,M,581.5270513705057,1,0,0,0.9721591319719324,0.35287025962434676,,,0.4180575117972748,0.2479525170542196,,,0.5405603075019415,5.269828587
250,0,1635,0,0,0,0,0,0,0,1,0,10,FALSE,5,0,23566,63,1,0,0,0,1,0,1,0,0,1,0,98,8,0,0,0,4,M,0,0,1,0,0.5526066466390976,0.3390968879026047,,,0.081630758,0.9246503796025113,,,0.26004349069212235,6.1844382183773305
227,0,1621,0,0,0,0,0,0,0,0,0,3,TRUE,6,0,34799,41,0,1,0,0,3,0,1,0,0,3,1,329,27,0,0,0,12,V,0,0,0,0,0.7785255909502578,0.13068644581902908,,,,,0.1650647035488305,0.33560134216647464,0.12052032643132402,3.166684815
507,86,2148,0,0,0,0,1,0,0,0,0,5,TRUE,6,0,30472,57,0,1,0,0,1,0,1,1,0,1,0,308,26,0,0,0,2,M,0,0,0,0,,,,,0.8459014101169496,0.4359326113002066,,,,
26728,191,20800,0,0,0,0,0,1,0,0,0,5,TRUE,8,0,37959,49,1,1,0,0,3,1,1,1,0,3,3,264,22,0,0,0,4,M,0,0,0,1,0.8102472210330656,0.28678901717749106,,,,,,,0.7706479734580142,2.7295030072638897
10461,976,17385,0,0,6000,0,0,1,1,0,0,1,FALSE,4,0,33832,65,0,1,0,0,2,0,1,0,0,1,0,359,30,0,0,0,33,M,0,0,1,0,,,,,,,,,,
512,810,1620,0,0,0,0,0,0,1,0,0,6,TRUE,9,0,30433,21,1,1,0,0,0,0,1,0,0,2,0,1,0,0,0,0,3,M,0,0,0,0,,,,,0.6621100655456036,0.5964901041428297,,,,
24044,31,34985,367,3,7000,0,0,1,0,1,0,3,TRUE,6,1,26632,49,1,1,0,1,3,0,1,1,0,3,0,360,30,0,3,0,13,M,9723.472552067977,1,0,1,,,,,,,0.8312310803683016,0.8502932141387213,,
227,810,1620,0,0,0,0,0,0,0,1,0,5,TRUE,1,0,35153,20,0,0,0,0,1,0,0,0,0,1,0,173,14,0,0,0,4,V,0,0,0,0,,,,,,,,,,
3045,199,6883,0,0,0,0,0,0,0,0,0,7,TRUE,4,1,33264,52,1,1,0,0,3,2,1,0,0,3,0,389,32,0,0,0,274,V,0,0,0,1,0.4442679976100423,0.13279520397999295,0.12025635920114097,0.31077673574376774,,,,,,
519,40,1652,0,0,0,0,0,0,0,1,0,8,TRUE,6,1,32155,51,1,1,0,0,1,0,1,0,0,3,1,340,28,0,0,0,4,V,0,0,0,0,,,0.587573535,0.7831245402321099,0.45999675199533646,0.5280970984677835,,,,
2929,14,4689,0,0,0,0,0,0,0,1,0,6,FALSE,5,0,32838,51,0,1,0,0,2,0,1,0,0,2,0,243,20,0,0,0,4,V,0,0,0,0,,,,,,,,,,
263,15,3575,0,0,0,0,0,0,0,0,0,10,FALSE,7,0,23375,56,0,1,0,0,1,0,1,0,1,1,0,254,21,0,0,0,4,V,0,0,1,0,,,,,,,,,0.2022868112707031,2.5290316089545697
227,0,1620,0,0,0,0,0,0,0,1,0,6,TRUE,3,0,35368,41,0,1,0,0,0,0,1,0,0,2,0,,,0,0,0,3,M,0,0,0,0,,0.6477814563992326,,0.9131403470653162,,,,0.8734640861000513,,0.6421837294605179
356,844,1688,0,0,0,0,0,0,0,0,0,7,TRUE,0,0,29463,36,0,1,0,0,1,0,1,0,0,3,0,484,40,0,0,0,2,V,0,0,0,0,,,,,,,,,,
1378,24,2005,0,0,0,0,0,0,0,0,0,3,TRUE,9,0,42235,21,1,1,0,0,1,0,1,0,0,1,0,180,15,0,0,0,4,M,722.6978774044754,1,0,0,,,,,,,,,,
227,0,1620,0,0,0,0,0,0,0,0,0,2,TRUE,1,0,40206,33,0,1,0,0,1,0,1,0,0,3,2,288,24,0,0,0,4,V,0,0,0,0,0.31023823984869187,0.3857960769133657,0.3771908724347886,0.8059729150920121,0.5087605600275841,0.3563684282701674,0.8423033654330622,0.9801981695214651,,
227,0,1620,0,0,4000,0,0,0,0,1,0,9,TRUE,4,0,32480,46,0,1,0,0,1,0,1,0,0,3,0,350,29,0,0,0,63,V,0,0,0,0,,,,,0.8001437547483987,0.9866388961751007,,,,
227,810,1620,0,0,0,0,0,0,0,0,0,2,TRUE,8,0,34643,42,0,1,0,0,1,0,1,0,0,3,1,191,16,0,0,0,25,M,0,0,0,0,,,0.5251475311731948,0.4324816247896279,,,0.271960323,0.20008541325663146,,
407,0,2043,0,0,0,0,0,0,0,0,0,10,FALSE,2,1,28716,46,0,1,0,0,1,0,1,0,1,2,0,,,0,2,0,4,V,0,0,0,0,,,,0.5284349039331167,,0.36123600330338035,,,,
647,84,1876,0,0,4000,0,0,0,1,1,0,5,TRUE,1,0,25703,26,0,0,0,0,1,1,1,0,0,2,1,59,5,0,0,0,58,V,945.5492790107699,1,0,0,,,,,,,,,0.6836479955432226,11.466377758150198
14701,0,9258,2647,2,9000,0,0,0,0,1,0,3,TRUE,13,0,45210,57,0,1,0,0,2,1,1,1,0,3,0,326,27,0,0,0,9,M,0,0,0,0,0.37804364512807526,0.46762734535118855,,,,,,,0.8926472210123885,12.11354195
9160,5113.5,10227,0,0,10000,0,1,1,0,0,0,6,TRUE,5,1,36412,68,0,1,0,0,2,0,1,0,0,1,0,372,31,0,0,0,185,M,0,0,1,1,0.39387352711313556,0.49035548595171957,,,,,0.43399984324841673,0.1817175137441573,0.24253097109564567,-0.024330663
231,0,1622,0,0,0,0,0,0,0,0,0,5,TRUE,2,1,28717,28,0,1,0,0,1,0,1,0,0,1,0,,,0,0,0,2,M,0,0,0,0,,,,,,,,,,
453,93,1828,0,0,4000,0,0,0,0,0,0,12,FALSE,4,0,34857,66,1,1,1,0,3,0,1,1,0,1,0,407,34,0,0,0,5,V,0,0,0,0,,,,,0.5140919054837269,0.6041720821260923,0.044892234,0.3335789120563299,,
268,12,1655,0,0,1500,0,0,0,1,1,0,4,TRUE,5,0,36761,24,0,1,0,0,1,0,1,0,0,3,2,109,9,0,0,0,3,V,0,0,0,0,,,,,0.3562253909863202,0.7964806291175776,,,,
227,810,1620,0,0,0,0,0,0,0,0,0,6,FALSE,4,0,31442,44,0,1,0,0,1,0,0,0,1,2,0,94,8,0,0,0,2,M,0,0,0,0,,,,,,,,,,5.663081367
432,0,2038,69,1,6000,0,0,0,1,0,0,4,TRUE,5,1,30126,52,1,1,0,0,1,0,1,1,0,3,0,297,25,0,0,0,72,V,731.4947321575773,1,0,0,,,0.5507579620745044,0.3338409069950755,,,0.7546216514702482,0.8638362968074653,0.4302426523244885,7.280837167055151
1824,0,2794,0,0,0,0,0,0,0,0,0,6,TRUE,2,1,27357,52,0,1,0,0,1,0,1,0,0,2,0,383,32,0,0,0,4,M,5620.507789129148,1,0,0,0.13324653590821656,0.387894302,,,0.087722305,0.01824862,,,,
227,0,1620,0,0,0,0,0,0,0,0,0,4,TRUE,3,0,29642,38,0,1,0,0,1,0,1,0,0,2,0,212,18,0,0,0,25,V,0,0,0,0,,,0.16152909071114738,0.22252012369449634,,,0.075963727,0.5751768911061758,0.006640869,3.764121904
507,0,1840,0,0,0,0,0,0,1,0,0,7,TRUE,5,0,,26,1,1,0,0,1,0,1,0,0,2,0,354,30,0,0,0,3,V,452.8308230010087,1,0,0,0.35993980463682107,0.2710432142158462,,,,,,,0.15188508191194605,6.46539212
4268,2420,2420,0,0,5000,0,0,0,1,0,0,7,FALSE,4,0,27091,48,0,1,0,0,2,0,1,0,0,2,0,384,32,0,0,0,4,V,1495.127487,1,0,0,,,0.9023283723168499,0.9825453962685576,0.6925718238943944,0.732379248,,,,
301,0,3835,0,0,1500,0,0,0,1,0,0,8,TRUE,5,0,25001,26,0,1,0,0,1,0,1,0,0,2,0,116,10,0,0,0,11,V,0,0,0,0,,,,,,,,,0.8641419406457419,6.871374355
227,0,1620,0,0,0,0,0,0,0,1,0,6,TRUE,3,0,27256,61,0,1,0,0,1,0,1,0,0,1,0,87,7,0,0,0,4,V,0,0,0,0,0.3659573064971615,0.28816356255638576,0.7850169593034998,0.8365794707737422,,,,,,
1831,642,2140,0,0,3500,0,0,0,1,0,0,3,TRUE,11,1,27407,61,1,1,0,0,1,0,1,1,0,1,0,112,9,0,0,0,84,M,0,0,1,0,,,,,0.19756764172379343,0.2739233536474538,,,,
991,0,2143,0,0,0,0,0,0,0,0,0,5,TRUE,3,1,31864,32,1,1,0,0,1,0,1,0,0,2,0,435,36,0,0,0,3,M,0,0,0,0,,,0.8031904325071035,0.9478343468711118,,,,,,
227,0,1620,0,0,0,0,0,0,0,0,0,5,TRUE,4,0,,20,0,1,0,0,1,0,1,0,0,1,0,205,17,0,0,0,4,M,0,0,0,0,,,0.5364516645033821,0.24485214347159578,,,,,0.233809609,4.228496208
1386,154,6204,935,1,10000,0,1,0,1,0,0,6,TRUE,16,1,28673,34,1,0,0,0,1,0,1,1,0,2,0,284,24,0,0,0,70,M,3006.0064342106275,1,0,0,,,,,0.5377563924311992,0.15420607481265322,,,,
6287,1179,4445,0,0,2500,0,0,0,0,1,0,5,FALSE,8,0,32114,73,1,1,0,0,2,0,1,0,0,1,0,384,32,0,0,0,51,M,0,0,1,0,,,,,0.32571983511359803,0.2718669963813995,,,0.26588409933307583,1.244381508
341,48,1642,0,0,0,0,0,0,0,0,0,4,TRUE,6,0,40900,33,0,1,0,0,1,0,1,0,0,3,2,278,23,0,0,0,4,V,0,0,0,0,,,,,,,0.8968210187768763,0.8488950859491861,,
2468,23,4035,0,0,1500,0,0,0,0,0,0,7,FALSE,2,1,27347,68,1,1,0,0,2,0,1,0,0,1,0,386,32,0,2,0,50,M,0,0,1,0,,,0.069869359,0.22812486546871927,,,,,0.44193684692603047,6.464689629
245,2336.5,4673,0,0,2500,0,0,0,1,0,0,4,FALSE,8,0,20488,46,0,0,0,0,1,0,1,1,1,2,0,154,13,0,1,0,25,M,0,1,0,0,,,0.8776150520786639,0.9368030872235472,,,,,,
233,815.5,1631,0,0,0,0,0,0,1,1,0,1,TRUE,9,0,37387,23,0,1,0,0,1,1,1,0,0,2,0,40,3,0,0,0,4,V,0,0,0,0,,,,,,,0.7752204413187435,0.3935296736207659,,
1761,0,2030,0,0,0,0,0,0,0,0,0,8,TRUE,6,0,26462,47,1,1,0,0,1,1,1,0,0,3,0,393,33,0,0,0,3,M,0,0,0,0,0.9329156620805162,0.7751286405223579,,,,,,,0.7830389441404445,3.018732861
529,91,1669,0,0,7000,0,0,0,1,0,0,10,TRUE,0,0,31542,33,1,1,0,0,1,0,1,0,0,2,0,290,24,0,0,0,45,V,0,0,0,0,,,0.26371248211249554,0.4555343665484582,,,0.46567183843996934,0.1170556861117554,,
5199,532,4159,178,1,4500,1,1,1,1,1,0,9,TRUE,4,1,33941,41,1,1,0,0,2,0,1,1,0,3,3,431,36,0,2,0,90,M,2744.8168711957173,1,0,0,0.3260537841990786,0.16503674920412698,,,0.27459590305172665,0.911278223,0.5225569616850345,0.9128466977690112,,
3400,423,6331,0,0,0,0,0,0,0,0,0,7,TRUE,4,1,34552,51,1,1,0,0,2,0,1,0,0,3,0,57,5,0,0,0,3,V,0,0,0,0,,,0.28172017945546235,0.6627754684828358,,,,,,
361,19,3771,1233,2,10000,0,0,0,1,0,0,4,TRUE,3,1,30796,38,0,1,0,0,1,0,0,0,0,2,0,214,18,0,0,0,22,V,0,0,0,0,,,,,,,,,,4.986854677
1198,383,1782,0,0,5000,0,0,0,1,1,0,5,FALSE,8,0,29606,38,1,1,0,0,1,0,1,1,0,3,0,237,20,0,0,0,5,M,0,0,0,0,0.005317507,0.069504811,,,0.49959447100250753,0.4676112972203985,0.9514154720561474,0.8229716851811963,,
227,810,1620,0,0,0,0,0,0,0,1,0,7,TRUE,3,0,21938,55,0,0,0,0,0,0,1,0,0,2,0,,,0,1,0,4,M,0,0,0,0,,,,,,,,,,3.250591662
419,845,1690,0,0,0,0,0,0,0,1,0,7,TRUE,1,0,38005,48,1,1,0,0,1,0,1,0,0,3,0,330,28,0,0,0,3,M,0,0,0,0,,,,,,,,,0.261536118,5.535293748
227,810,1620,0,0,0,0,0,0,0,0,0,9,TRUE,8,0,31171,56,0,1,0,0,1,0,1,1,0,1,0,350,29,0,0,0,62,M,0,0,1,0,,,,,,,,,,
672,82,2001,0,0,3000,0,0,0,0,0,0,2,TRUE,7,1,30753,50,0,1,0,0,1,0,1,0,0,3,0,211,18,0,0,0,95,M,0,0,0,0,,,0.6446377686924011,0.31639059277602877,0.19296745487396308,0.075355056,,,,
266,1805,3610,0,2,9000,0,0,0,1,1,0,9,TRUE,5,1,24783,31,1,0,0,0,1,0,1,0,0,3,0,185,15,0,0,0,68,V,0,0,0,0,0.04437993,0.11758335910262425,,,,,,,,
1163,0,1975,0,0,0,0,0,0,0,0,0,3,FALSE,1,0,29151,57,0,1,0,0,1,0,1,0,0,1,0,231,19,0,0,0,1,M,0,0,0,0,0.16486989630574886,0.4587243846259428,0.7242516870000941,0.6809270070376547,,,,,0.2673645929648043,5.357045539
570,142,1650,0,0,0,0,0,0,0,1,0,1,TRUE,0,0,29150,16,0,1,0,0,1,0,1,0,0,1,0,163,14,0,0,0,3,M,0,0,0,0,0.4646116436147293,0.38239478433896434,,,0.8009161006020316,0.8655605344427971,,,,
303,1078.5,2157,0,0,4000,0,0,0,0,0,0,5,TRUE,4,0,36506,56,1,1,0,0,1,0,1,0,0,1,0,350,29,0,0,0,41,M,0,0,1,0,,,0.832448468,0.8317881767659118,,,,,,
227,810.5,1621,0,0,0,0,0,0,1,1,0,5,TRUE,5,0,33108,23,0,1,0,0,1,0,1,0,0,2,0,309,26,0,0,0,4,M,0,0,0,0,0.5474327136863406,0.9820942181676016,,,,,0.6271195750202607,0.066015816,,
4573,3226,6452,0,1,3000,0,0,1,0,1,0,8,TRUE,5,0,27523,52,1,1,0,0,3,0,1,1,0,3,0,440,37,0,0,0,42,V,11764.079354530035,1,0,1,0.6776915444601503,0.7716762380232952,0.2953159868173369,0.2857790758008689,0.8550599188364012,0.5683677491292574,0.48561509250345514,0.3859689339991645,0.3440434671503099,7.400467693899611
3620,953,3461,0,0,4000,0,0,0,1,0,0,5,FALSE,10,0,32475,61,1,1,0,0,1,0,1,1,1,1,0,350,29,0,0,0,4,M,0,0,1,0,,,,,,,,,0.7692354703445726,3.637539995
534,86,1701,0,0,0,0,0,0,0,1,0,8,TRUE,3,0,28746,29,0,1,0,0,1,0,1,0,0,3,0,393,33,0,0,0,29,V,0,0,0,0,0.6889577992434504,0.8418311958052359,,,,,,,0.8276188236607526,6.908446949
1711,508,2454,0,0,15000,0,0,0,0,1,0,10,TRUE,8,0,41058,49,1,0,0,0,2,0,0,1,0,3,1,181,15,0,0,0,40,M,0,0,0,0,,,,,,,,,,
,,,0,,,,,,,,0,,FALSE,,,,,,,,,,,,,,,,,,,,0,,,,,,,,,,,,,,,,
227,0,1817,1586,5,0,0,0,0,1,1,0,6,TRUE,0,0,35657,40,0,1,0,0,1,0,1,1,0,3,4,158,13,0,0,0,167,V,0,0,0,0,,,,,,,0.13632241469936013,0.19195922409305224,,
932,218,2490,961,4,15000,0,0,0,1,0,0,9,TRUE,8,1,29832,31,0,1,0,0,1,0,1,1,0,3,2,136,11,0,0,0,85,V,0,0,0,0,,,,,,,,,0.17678097537123605,4.173851368610991
6309,2500,4772,438,1,15000,0,0,0,1,0,0,8,TRUE,11,1,49945,48,1,1,0,0,2,0,0,1,0,2,0,650,54,0,0,0,34,M,0,0,0,0,,,,,,,,,,
227,810,1620,0,0,0,0,0,0,0,0,0,5,TRUE,6,0,30124,24,1,1,0,0,0,0,1,0,0,1,0,,,0,0,0,2,M,0,0,0,0,,,,0.9999999000000003,,,,,,
1910,702,1927,0,0,3500,0,0,0,1,0,0,6,TRUE,6,0,32502,41,1,1,0,0,1,0,1,0,0,2,0,556,46,0,0,0,4,M,0,0,0,0,0.9931835887648937,0.5102993651026985,,,0.9466278603793588,0.3781907808979784,0.8016918006856624,0.096669624,,
1257,41,2374,0,0,0,0,0,0,0,1,0,10,TRUE,7,0,31135,47,1,1,0,0,1,0,1,0,0,2,0,611,51,0,1,0,4,V,4241.836155101085,1,0,0,0.18830522289113727,0.2111750547329367,,,,,0.22905298350525302,0.5772629970169652,0.2271562994394226,5.115078316
458,847.5,1695,0,0,0,0,0,0,0,0,0,5,FALSE,3,0,25689,79,0,1,0,0,1,0,1,0,0,1,0,276,23,0,0,0,13,V,0,0,1,0,0.9465086722620104,0.7229266438614084,0.8587291247017818,0.24686556445042798,,,,,,
485,31,3720,558,3,0,0,0,0,0,0,0,3,TRUE,10,1,32449,47,1,1,0,0,1,0,1,1,0,2,0,374,31,0,0,0,106,V,841.1063350335296,1,0,0,,,,,,,0.7059572733706295,0.21100621997451638,,
,,,,,,,,,,1,0,,FALSE,,,,,,,,,,,,,,,,,,,,,,,,,,,,,,,,,,,,
6319,2520,3114,0,0,15000,0,0,0,0,0,0,10,TRUE,11,0,30218,59,1,1,0,0,2,0,1,1,0,1,0,440,37,0,0,0,5,M,0,0,1,0,,,,,,,0.5703280845518419,0.34032230398153096,,
227,0,1620,0,0,0,0,0,0,0,1,0,8,FALSE,3,0,26029,67,0,1,0,0,0,0,1,0,0,1,0,,,0,0,0,4,V,0,0,0,0,,0.3706766737484671,,0.7795580840680852,,,,,,
227,0,1620,0,0,0,0,0,0,0,0,0,2,TRUE,6,0,26497,57,0,0,0,0,3,0,1,0,0,2,0,413,34,0,1,508,1,M,0,0,0,0,,,,,0.080846809,0.5409197890323219,,,,
227,0,2035,0,0,0,0,0,0,0,1,0,4,TRUE,4,0,31250,31,1,1,1,0,1,0,1,0,0,3,0,,,0,0,0,3,V,0,0,0,0,,0.8769740690386462,,0.18716288118161697,,,,0.32334788857078905,,
227,0,1620,0,0,0,0,0,0,0,1,0,10,TRUE,3,1,32089,20,1,1,0,0,0,0,1,0,0,2,0,,,0,0,0,4,V,0,0,0,0,,,,,,,,,,1.3245997620713401
227,810,1620,0,0,0,0,0,0,0,1,0,0,TRUE,8,1,27158,46,0,1,0,0,1,0,1,0,0,3,0,,,0,1,0,3,V,0,0,0,0,,,,0.4930141011922916,,0.664793969,,,,
2023,1313,2626,0,0,0,0,0,1,0,0,0,7,TRUE,7,0,32859,76,1,1,0,0,3,0,1,0,0,1,0,397,33,0,0,0,3,V,0,0,1,1,,,0.072026535,0.002151394,0.8405018950317783,0.7478200756732359,,,,
444,0,1634,0,0,0,0,0,0,0,1,0,6,TRUE,9,0,32646,38,0,1,0,0,1,0,1,0,0,2,0,225,19,0,0,0,3,M,0,0,0,0,,,0.9999999000000003,0.993744948,0.9687381667714768,0.8133593089759907,,,,
279,19,1637,0,0,750,0,0,0,0,1,0,7,TRUE,8,0,36844,19,0,1,0,0,1,0,1,0,0,1,0,112,9,0,0,0,4,V,0,0,0,0,,,0.3095362937853154,0.727361875,0.30280900166219354,0.35776985413787854,0.3353110157027311,0.5909033303047208,0.506937234,3.0846995085416204
2647,976,2467,916,1,4000,0,0,0,1,0,0,10,TRUE,7,1,29500,26,1,1,0,0,1,0,1,1,0,2,0,138,12,0,0,0,25,V,0,0,0,0,,,,,0.9313238833966355,0.5576764586754038,,,,
6603,347,8406,0,0,5000,0,0,0,0,0,0,9,TRUE,1,0,56185,68,1,1,1,0,2,0,1,1,0,1,0,515,43,0,1,0,45,M,0,0,1,0,,,,,,,0.056684907,0.072824461,,
227,0,1622,0,0,0,0,0,0,1,1,0,10,FALSE,8,0,33505,55,1,1,0,0,1,0,1,0,1,2,0,471,39,0,0,0,121,M,0,0,1,0,0.9888054230765976,0.6272505621908797,0.9571596491596146,0.9331648228231922,,,,,,
504,848,1696,0,0,750,0,0,0,1,0,0,4,TRUE,3,0,29576,18,1,1,0,0,1,0,1,0,0,1,0,113,9,0,0,0,4,V,0,0,0,0,,,,,0.2799228422561241,0.49015902385682014,,,,
3020,0,8200,1708,3,15000,0,0,0,1,0,0,5,TRUE,5,0,35153,39,1,0,0,0,1,2,1,0,0,3,1,116,10,0,0,0,13,M,0,0,0,0,,,,,,,0.6727816300060676,0.8863167531234725,,
228,0,2394,0,0,0,0,0,0,1,0,0,4,TRUE,1,0,35323,23,1,1,0,0,1,0,1,0,0,2,0,155,13,0,0,0,1,M,0,0,0,0,,,,,,,0.10386894259598564,0.4703783391356354,,
902,0,1709,0,0,1500,0,0,0,0,0,0,4,TRUE,9,0,38094,41,0,1,0,0,1,0,0,1,0,3,0,7,1,0,0,0,2,V,0,0,0,0,,,,,,,,,,
235,823,1646,0,0,0,0,0,0,0,0,0,2,FALSE,4,0,27821,77,1,1,0,0,1,0,0,0,0,1,0,173,14,0,0,0,36,V,0,0,1,0,,,,,,,,,,
4656,1629,2515,0,0,12000,0,0,0,1,0,0,7,TRUE,12,0,49451,34,0,1,0,0,1,1,1,1,0,2,0,260,22,0,0,0,25,M,1859.3636680251345,1,0,0,,,,,0.2631908687479312,0.032410518,,,,
283,19,1683,0,0,3000,0,0,0,1,0,0,5,FALSE,9,0,30189,51,0,1,0,0,1,0,1,0,1,2,0,324,27,0,0,0,24,V,0,0,0,0,,,0.8918030761576403,0.5862298896611449,0.6552085701599527,0.9718420377945085,,,,
644,0,1970,0,0,0,0,0,0,0,0,0,1,TRUE,1,0,,42,0,1,0,0,1,0,1,0,0,2,0,297,25,0,0,0,4,V,2061.371523615055,1,0,0,,,,,0.42791724826824645,0.2648204277814334,,,0.14019744391525055,-4.092943776
3457,213,5434,0,0,0,0,0,1,0,0,1,7,FALSE,7,0,28743,43,1,1,0,0,2,0,1,1,0,3,2,254,21,0,0,0,4,M,2950.1646488539554,1,0,0,,,0.9954885305468664,0.6182647032017012,,,,,,
11661,57,19590,0,0,5000,0,0,1,0,1,0,3,FALSE,6,0,41635,58,1,1,0,0,3,0,1,1,0,2,0,563,47,0,0,0,23,V,832.1788562211138,1,0,1,,,,,,,,,,
227,0,1620,0,0,0,0,0,0,0,0,0,7,TRUE,4,0,29251,51,1,1,0,0,1,0,1,0,0,3,0,118,10,0,0,0,2,M,0,0,0,0,,,,,,,0.3618765031986835,0.19123516149078856,0.8779883506828763,9.084735036
282,9,1637,0,0,0,0,0,0,0,0,0,9,FALSE,7,0,23918,75,0,1,0,0,1,0,1,0,1,1,0,235,20,0,0,0,4,V,0,0,1,0,0.097125306,0.8686006529247247,,,,,,,,
276,0,1622,0,0,0,0,0,0,1,0,1,11,TRUE,8,0,35632,39,0,0,0,0,1,0,1,0,0,2,0,8,1,0,0,0,4,M,0,0,0,0,0.22593236267282213,0.16986197418861004,0.6664379533257263,0.3970745945758049,0.9694941708901117,0.9802526957297449,0.25201821123004403,0.6712179328795952,,
460,5,1903,0,0,6500,0,0,0,0,0,0,4,TRUE,6,0,23302,45,1,0,0,0,1,0,1,1,0,3,0,261,22,0,0,0,22,M,0,0,0,0,,,,,0.8146378181658712,0.8239333062628206,,,0.46380968197646116,5.104753128
464,928,1856,0,0,750,0,0,0,1,0,0,6,TRUE,0,0,37393,21,0,1,0,0,1,0,0,0,0,2,0,19,2,0,0,0,4,V,0,0,0,0,,,,,,,,,,
1031,0,2339,0,0,750,0,0,0,1,0,0,3,TRUE,1,0,30975,18,0,1,0,0,1,0,0,0,0,1,0,187,16,0,0,0,5,M,0,0,0,0,,,,,,,,,,
227,810,1620,0,0,0,0,0,0,0,0,0,0,FALSE,2,0,30325,47,0,1,0,0,1,0,1,0,1,2,0,239,20,0,0,0,4,V,0,0,0,0,0.7868449042804346,0.1945956795940339,,,,,0.6013014094761909,0.3771037596462006,,
227,0,1620,0,0,0,0,0,0,0,0,0,1,TRUE,6,0,37238,70,0,1,0,0,0,0,1,0,0,1,0,,,0,0,0,3,M,0,0,1,0,,0.5439365201524821,,,,,,,,
4356,1336,3348,0,0,15000,0,0,0,1,1,0,5,TRUE,23,0,38912,35,1,1,0,0,2,0,1,1,0,3,3,443,37,0,0,0,93,V,0,0,0,0,,,0.2073609401491904,0.070944578,,,,,0.7816087585840722,11.30437455
583,921,1842,0,0,5000,0,0,0,1,0,0,9,FALSE,8,0,31131,53,1,1,0,0,1,0,1,1,1,1,0,190,16,0,0,0,48,M,0,0,1,0,,,0.68445015,0.9011903321842574,,,,,,
5397,2095,2550,0,0,0,0,0,0,0,0,0,1,FALSE,6,0,37219,81,1,1,0,0,2,0,1,0,0,1,0,372,31,0,0,0,4,V,0,0,1,0,,,0.4989161999442085,0.9784362580615392,,,,,,
228,0,2094,0,0,0,0,0,0,1,0,0,10,TRUE,5,0,46089,39,0,1,0,0,4,6,1,0,0,3,1,261,22,1,0,0,35,V,0,0,0,0,,,,,,,,,0.8487756936459019,7.484021215495731
247,811,1622,0,0,0,0,0,0,1,1,0,6,TRUE,8,0,29711,42,0,1,0,0,1,0,0,0,0,3,3,213,18,0,3,0,89,M,0,0,0,0,,,,,,,,,,
8502,124,20559,0,2,15000,1,0,0,1,1,0,5,TRUE,9,1,32014,43,1,1,1,0,3,0,1,1,0,3,0,247,21,0,0,0,200,V,4782.268426983662,1,0,1,,,,,,,,,0.4345782247934446,0.7326684753314334
1022,334,1731,0,0,0,0,0,0,0,0,0,1,TRUE,8,0,29995,61,1,1,0,0,1,0,1,0,0,1,0,47,4,0,0,0,4,M,0,0,1,0,,,0.36068957390371387,0.004179943,,,,,,
227,0,1620,0,0,0,0,0,0,0,0,0,3,TRUE,9,0,32969,51,0,1,0,0,0,0,1,0,0,2,0,,,0,0,0,4,M,0,0,0,0,,,,,,,,,,
1708,0,2474,0,0,0,0,0,0,0,1,0,11,TRUE,4,1,33049,48,0,1,0,0,1,1,1,0,0,3,0,272,23,0,0,0,3,V,0,0,0,0,,,,,,,,,0.013157892,9.722407197728641
1105,139,1709,0,0,0,0,0,0,0,0,0,9,TRUE,8,0,30389,38,0,0,0,0,1,1,1,0,0,2,0,518,43,0,0,0,4,M,0,0,0,0,0.5436293337580486,0.24822528257687893,,,,,,,,
8794,922,7984,0,0,0,0,0,0,0,1,0,6,FALSE,0,0,31648,61,0,1,0,0,2,0,1,0,1,1,0,273,23,0,0,0,4,V,0,0,1,0,0.33056001401158985,0.2730365079715911,0.4702482240680943,0.06607803,0.19220630715796477,0.9781823314029547,0.8378271867120993,0.4976314928822967,0.6785734479429287,8.431569384683451
308,32,1659,0,0,750,0,0,0,1,1,0,1,TRUE,8,0,28784,21,1,0,0,0,1,0,1,0,0,1,0,242,20,0,0,0,15,M,0,0,0,0,,,,,,,,,,
707,956,1912,0,0,11000,0,0,0,0,0,0,10,TRUE,4,0,35220,68,0,1,0,0,3,0,1,0,0,1,0,599,50,0,0,0,40,V,414.18862283364496,1,0,0,,,0.3982080829852508,0.7100085763823601,,,0.8717513058512992,0.5936205980077157,,
6956,1504,4660,0,0,9000,1,0,1,1,1,0,8,TRUE,0,0,32957,68,1,1,1,0,2,0,1,1,0,1,0,671,56,0,2,0,41,M,0,0,1,0,,,,,,,,,0.40618699925693813,1.68545635
248,9,1625,0,0,0,0,0,0,0,0,0,9,FALSE,8,0,41375,84,0,0,0,0,1,0,1,0,0,1,0,274,23,0,0,0,4,V,0,0,1,0,0.10316818360244315,0.1856946906969121,,,,,,,,
1675,571,1880,0,0,2500,0,0,0,0,0,0,5,FALSE,2,0,25173,69,0,1,0,0,1,0,1,0,0,1,0,372,31,0,0,0,33,V,0,0,0,0,0.2778646424636444,0.9503922991600707,,,0.9618436236838334,0.8824091739845485,,,0.9174805377859254,2.58000787
4688,0,5280,0,0,4500,0,0,0,0,0,0,6,TRUE,1,0,40110,61,1,1,0,0,3,0,1,0,0,1,0,409,34,0,0,0,42,V,0,0,0,0,,,,,,,,,,
1110,367,1761,0,0,750,0,0,0,1,1,0,1,TRUE,0,0,31459,17,1,1,0,0,1,0,1,0,0,1,0,174,15,0,0,0,4,M,0,0,0,0,0.5986202052441545,0.7579404160733082,,,0.5942505953375904,0.19797790502229948,0.4185698239858845,0.13002140860834135,,
335,0,4373,879,2,11000,0,0,0,1,1,0,3,TRUE,6,1,32009,35,0,1,0,0,1,0,1,1,0,2,3,395,33,0,1,0,75,M,0,0,0,0,,,0.2779822239823594,0.5264584201166173,,,,,,
817,0,1747,0,0,0,0,0,0,1,1,0,2,TRUE,5,0,,31,1,1,0,0,1,0,0,0,0,2,0,16,1,0,0,0,3,V,0,0,0,0,,,,,,,,,,
227,2696,5392,793,1,0,0,0,0,0,0,0,5,TRUE,8,0,,43,0,1,0,0,1,1,0,0,0,3,1,20,2,0,0,0,2,M,0,0,0,0,,,,,,,,,,
243,0,1629,0,0,0,0,0,0,0,1,0,1,TRUE,5,0,,45,0,1,0,0,1,0,0,0,0,2,0,187,16,0,0,0,3,M,0,0,0,0,,,,,,,,,,
9114,0,11374,0,0,0,0,0,0,0,1,0,7,TRUE,2,0,32047,53,1,1,0,0,2,0,1,1,0,2,0,220,18,0,0,0,5,V,0,0,0,1,,,,,,,0.7553085608721786,0.6501007266115817,0.5237537837367073,4.171997436087991
2376,575,2385,0,0,6000,0,0,0,0,0,0,8,TRUE,4,0,33399,70,1,1,0,0,1,0,1,1,0,1,0,379,32,0,0,0,40,M,0,0,1,0,,,,,0.2738058106805386,0.22253026870695414,,,,
450,5,2540,0,0,11000,0,0,0,1,0,0,10,TRUE,21,0,39273,31,1,1,0,0,1,1,1,1,0,3,0,421,35,0,0,0,18,M,669.9933216102894,1,0,0,,,0.31865821931885785,0.4722400116486783,,,,,,
227,0,1704,1289,2,10000,0,0,0,1,1,0,8,TRUE,4,1,39993,27,0,1,0,0,1,0,1,0,0,3,2,410,34,0,0,0,133,V,0,0,0,0,,,0.10135298756138865,0.091090674,,,,,0.8407971931883859,2.9788239693992598
923,228,2400,0,0,4500,0,0,0,1,1,0,11,TRUE,15,0,31573,27,1,0,0,0,1,0,1,1,0,2,0,222,19,0,0,0,17,M,514.9065289814869,1,0,0,,,,,0.888626561,0.7259685037254218,0.8128628301661033,0.7685245292650971,0.7794190481376081,5.286301048
264,0,1633,0,0,0,0,0,0,0,0,0,0,FALSE,0,0,,68,0,1,0,0,1,0,1,0,1,1,0,251,21,0,0,0,2,V,0,0,1,0,,,,,0.7712310803994022,0.088815417,0.39652934232513554,0.7004746291299808,0.3295160985789249,-0.447883716
21499,829,22252,0,0,3000,0,0,0,0,0,0,8,TRUE,6,1,30367,46,0,1,0,0,3,0,1,0,0,2,0,54,5,0,0,0,15,M,0,0,0,1,,,,,,,0.1923377223414365,0.81755695,,
732,171,2065,0,0,5000,0,0,0,1,1,1,9,TRUE,15,0,29349,29,0,1,0,0,1,0,0,1,0,2,0,33,3,0,0,0,40,V,0,0,0,0,,,,,,,,,,
5570,1952,3005,0,0,4000,0,0,0,1,1,0,8,TRUE,10,0,31055,53,0,1,0,0,3,0,1,1,0,2,0,350,29,0,0,0,61,V,3106.5734470485722,1,0,1,,,0.40795689061681606,0.5494144761725214,,,,,,
241,0,2813,0,0,1500,0,0,0,1,0,0,11,TRUE,6,1,27885,23,1,1,0,0,1,1,0,0,0,2,0,186,16,0,1,0,3,V,0,0,0,0,,,,,,,,,,2.636238613
227,0,1620,0,0,0,0,0,0,0,0,0,6,TRUE,9,0,28784,26,1,0,0,0,0,0,1,0,0,2,0,,,1,0,0,2,V,0,0,0,0,,,,0.860199635,,,,,,
240,0,1647,0,0,2500,0,0,0,0,0,0,10,TRUE,0,0,28121,38,0,1,0,0,1,0,0,0,0,2,0,146,12,0,0,0,4,M,0,0,0,0,,,,,,,,,,
252,0,2383,0,0,2500,0,0,0,0,0,0,1,TRUE,8,0,29721,26,0,1,0,0,1,0,1,1,0,3,3,59,5,0,0,0,50,V,0,0,0,0,,,,,,,,,,
227,811,1622,0,0,0,0,0,0,0,1,0,6,TRUE,2,0,32351,48,0,0,0,0,1,0,1,0,0,2,0,482,40,0,0,0,2,V,0,0,0,0,,,0.773869511,0.29837622959011406,,,0.594677696,0.28454739610564633,,
236,1,1638,0,0,12000,0,0,0,0,0,0,3,TRUE,9,0,30422,48,1,1,0,0,1,0,1,0,0,3,0,392,33,0,0,0,115,V,0,0,0,0,0.8071654008184687,0.10797319623397536,,,0.6834476931417783,0.5781388887528499,,,,
227,0,1622,0,0,0,0,0,0,0,0,0,3,TRUE,3,0,36013,22,0,1,0,0,1,0,1,0,0,1,0,190,16,0,0,0,1,M,0,0,0,0,0.5286257158244582,0.9904020707416324,,,,,,,,
350,35,1683,0,0,2500,0,0,0,0,0,0,7,FALSE,6,0,28813,64,0,1,0,0,1,0,1,1,1,2,0,379,32,0,0,0,102,V,0,0,1,0,,,,,,,,,0.9723121623791613,5.4089851029411795
2351,30,7967,540,2,10500,0,0,1,0,0,0,11,TRUE,14,1,32814,39,1,1,0,0,2,0,1,1,0,3,2,529,44,0,0,0,109,M,0,0,0,1,,,,,,,,,,
13708,1089,11326,0,0,0,0,0,0,0,0,0,8,FALSE,1,0,28746,76,1,1,0,0,3,0,1,0,0,1,0,671,56,0,0,0,33,V,0,0,0,1,,,,,,,,,,
227,810,1620,0,0,0,0,0,0,0,1,0,6,FALSE,6,1,31790,48,1,1,1,0,0,0,1,0,1,2,0,,,0,2,182,3,M,0,0,0,0,,,,0.5076178273417691,,0.23803896787081621,,,,
227,810,1620,0,0,0,0,0,0,0,0,0,5,TRUE,6,0,25603,44,0,1,0,0,0,0,1,0,0,3,1,,,0,0,0,2,V,0,0,0,0,,0.4360487378880254,,,,0.19085829393276108,,0.4622171690430247,,
303,3,1751,0,0,0,0,0,0,0,0,0,5,TRUE,8,0,36536,56,1,1,0,0,1,0,1,0,0,2,0,398,33,0,0,0,12,M,0,0,1,0,0.8953213229156792,0.4786609879909014,0.993998491,0.9971699373416009,,,0.33596466079261394,0.078252625,0.9335943266973105,8.453755223
636,0,2161,0,0,4000,0,0,0,0,0,0,9,TRUE,9,0,33862,67,1,1,0,0,2,0,1,1,0,1,0,324,27,0,0,0,51,V,0,0,1,1,0.9413040926523898,0.9999999000000003,,,,,0.9631539241197438,0.9244259668261999,,
2552,1746,3492,0,0,3000,0,0,0,0,0,0,1,TRUE,2,0,39648,72,1,1,0,0,3,0,1,0,0,1,0,346,29,0,0,0,32,V,0,0,1,0,0.29141684508221094,0.4161125654893383,,,,,,,,
687,193,1697,0,0,3000,0,0,0,0,0,0,10,TRUE,0,0,29629,68,0,1,0,0,1,0,1,0,0,1,0,269,22,0,0,0,29,V,0,0,1,0,,,,,,,,,0.8882141159227901,7.941709749329441
1002,0,2674,0,0,0,0,0,0,0,0,0,6,TRUE,3,0,28615,74,1,1,0,0,2,0,1,0,0,1,0,443,37,0,0,0,2,V,0,0,1,1,,,0.7392907760656031,0.6098178906973224,,,,,,
8292,1262,8548,0,0,6000,0,0,0,0,0,0,4,TRUE,7,0,26044,73,1,1,0,0,3,0,1,0,0,1,0,350,29,0,0,0,55,V,0,0,1,0,,,,,,,,,,
227,810,1620,0,0,0,0,0,0,0,1,0,9,TRUE,5,0,37185,39,0,1,0,0,0,0,1,0,0,2,0,0,0,0,0,0,3,M,0,0,0,0,,,,,0.8626444356716855,0.45140815421447805,0.6454686658122428,0.16068432431517332,,
4852,1597,2645,0,0,4000,0,0,0,0,0,0,5,TRUE,13,0,31578,24,0,1,0,0,2,0,1,1,0,2,0,63,5,0,0,0,1,V,0,0,0,0,,,,,0.5110460122056664,0.7633130163979869,,,,
3568,254,2152,0,0,0,0,0,0,0,1,0,5,TRUE,5,0,35515,61,0,1,0,0,1,0,1,0,0,1,0,415,35,0,0,0,3,V,0,0,0,0,,,,,,,,,0.7326502614237829,6.688108434
231,1,1688,0,3,1500,0,0,0,1,0,0,8,TRUE,5,1,30487,39,1,1,0,0,1,0,1,0,0,3,3,275,23,0,1,0,58,V,0,0,0,0,,,,,,,,,,
4331,0,2364,0,0,5000,0,0,0,0,0,0,3,FALSE,3,0,46924,66,1,1,0,0,1,0,0,0,1,1,0,122,10,0,0,0,3,V,0,0,1,0,,,,,,,,,,
10455,70,14734,225,1,9500,1,0,1,1,1,0,10,TRUE,6,1,36016,54,1,1,0,0,3,0,1,1,0,2,0,623,52,0,0,0,47,V,3292.9897446621167,1,0,1,,,0.5551740460663683,0.10639562523478793,,,0.5925778268571161,0.4771135210936703,,
227,810,1620,0,0,1500,0,0,0,1,1,0,5,TRUE,9,0,23614,31,1,1,0,0,1,0,1,0,0,2,0,228,19,0,0,0,4,V,0,0,0,0,,,,,,,,,,
14214,1626,17519,182,1,4000,0,0,1,0,0,0,2,TRUE,9,1,39450,52,0,1,1,0,3,0,1,0,0,2,0,467,39,0,1,0,20,M,0,0,0,1,,,,,,,,,,
2020,392,2549,0,0,750,0,0,1,1,0,0,0,TRUE,9,0,30448,19,1,1,0,0,1,0,1,0,0,1,0,257,21,0,0,0,4,V,0,0,0,0,0.8140221959415948,0.9367167839226174,,,0.3478561258005666,0.057020218,,,0.7231590984774969,3.5751404263680797
,,,,,,,,,,1,0,,FALSE,,,,,,,,,,,,,,,,,,,,0,,,,,,,,,,,,,,,,
238,4,1624,0,0,0,0,0,0,0,0,0,5,TRUE,4,0,33086,35,0,1,0,0,1,0,1,0,0,2,0,473,39,0,0,0,4,M,0,0,0,0,0.8147540996555674,0.1553741660131232,,,,,0.6322850009891083,0.5650342138695356,,
242,822,1644,0,0,1500,0,0,0,0,0,0,3,TRUE,9,0,28670,62,0,1,0,0,1,0,1,0,0,1,0,378,32,0,0,0,54,V,0,0,1,0,,,,,0.639988127,0.9605818019402631,0.23436617518201572,0.8358584469659277,,
227,0,1620,0,0,0,0,0,0,0,0,0,7,TRUE,8,1,30050,30,0,1,1,0,0,0,1,0,0,3,0,,,0,1,2617,2,M,0,0,0,0,,,,,,,,,,4.637548448990879
227,0,1621,0,0,0,0,0,0,0,0,1,7,TRUE,1,0,24544,33,0,0,0,0,1,0,0,0,0,2,0,36,3,0,0,0,2,M,0,0,0,0,,,,,,,,,,2.789096887
227,0,1620,0,0,0,0,0,0,0,0,0,5,TRUE,0,0,29702,53,0,1,0,0,0,0,1,0,0,3,0,,,0,1,1682,3,V,0,0,0,0,,,,,,,,,,
701,158,1739,0,0,0,0,0,0,0,1,0,4,TRUE,0,0,28762,68,1,1,0,0,3,0,1,0,0,1,0,350,29,0,0,0,53,M,0,0,1,0,,,,,0.3745396935189208,0.7675109071506097,0.7324752425968181,0.063855475,0.7619174734818979,6.446355618
450,41,1667,0,0,0,0,0,0,0,1,0,6,TRUE,3,0,30170,66,0,1,0,0,1,0,1,0,0,1,0,397,33,0,0,0,3,V,0,0,1,0,0.713899535,0.2855163274308682,,,,,,,,
461,19,3422,1199,3,7000,0,0,0,1,1,0,5,TRUE,0,1,26323,33,1,1,0,0,1,0,1,1,0,3,2,374,31,0,0,0,69,V,901.2406972359295,1,0,0,0.3750325809200639,0.1058959633095793,0.6618988927460505,0.821971519,,,,,,
227,0,1620,0,0,3000,0,0,0,1,0,0,3,TRUE,1,0,35277,56,0,1,0,0,1,0,1,0,0,1,0,410,34,0,0,0,34,V,0,0,0,0,,,0.7512958373322476,0.40260401533802137,,,,,0.8692682254897649,9.239701658162119
2718,9,8332,1130,1,6500,1,0,1,1,1,0,7,FALSE,10,1,39475,43,1,1,0,0,2,0,1,1,1,3,3,326,27,0,0,0,153,V,2151.056201028783,1,0,1,,,,,0.8367830910199677,0.7844694318798046,0.630038327,0.5030706687036438,,
364,19,8590,1044,1,7000,0,0,0,1,0,0,7,TRUE,10,1,28217,31,1,0,0,0,4,6,1,1,0,3,1,242,20,1,0,0,118,M,0,0,0,0,0.4722151506071546,0.45393393,0.2381670653444018,0.629318832,0.9404937473370242,0.3478885871505403,,,0.9298423894279679,8.316109512969481
,,,,,,,,,,,0,,FALSE,,,,,,,,,,,,,,,,,,,,0,,,,,,,,,,,,,,,,
2050,352,5681,0,3,5000,0,0,0,1,1,0,9,FALSE,2,1,34552,38,0,1,0,0,1,0,1,1,0,3,2,274,23,0,1,0,110,M,4520.671226818134,1,0,0,0.9006346240341666,0.605244461,,,,,,,,
3356,1059,2555,0,0,4500,0,0,0,0,0,0,6,FALSE,7,0,29431,44,1,1,0,0,1,0,1,0,1,2,0,279,23,0,0,0,25,V,2855.0342994502116,1,0,0,,,,,,,0.3286940697574241,0.2824503239256894,0.005136029,-1.087357442
23313,0,33417,814,1,15000,0,0,0,1,1,0,12,TRUE,6,1,31554,51,1,1,0,0,3,1,0,1,0,2,1,255,21,0,0,0,49,M,3649.4155076115944,1,0,1,,,,,,,,,,
290,845.5,1691,0,0,14000,0,0,0,0,1,0,4,TRUE,3,0,32834,57,0,1,0,0,1,0,1,1,0,2,0,379,32,0,0,0,72,V,309.7546874122195,1,0,0,,,0.5123400448208668,0.8726655919012042,,,,,,
927,2781,5562,1481,1,9000,0,0,0,1,1,0,8,TRUE,44,1,35466,31,0,0,0,0,1,0,1,1,0,2,0,273,23,0,0,0,19,V,0,0,0,0,0.9924741468355051,0.7724520712281268,,,0.23260348311880005,0.3105606445664612,,,,
227,0,1620,0,0,0,0,0,0,0,1,0,10,TRUE,9,0,28481,43,0,0,0,0,1,0,0,0,0,2,0,229,19,0,0,0,4,M,0,0,0,0,,,,,,,,,,
227,0,3746,0,1,10000,0,0,0,1,0,0,3,FALSE,1,1,25186,25,0,1,0,0,1,0,1,0,0,3,0,53,4,0,0,0,31,M,0,0,0,0,,,,,0.5119083851475619,0.3965046346434836,,,0.6135897862960404,5.422092887
3091,1133,2114,0,0,0,0,0,0,0,0,0,8,FALSE,2,0,32856,57,1,1,0,0,1,0,1,0,1,1,0,324,27,0,0,0,25,V,0,0,0,0,,,,,,,,,,
1259,1717,3434,0,0,15000,0,0,0,1,1,0,1,TRUE,7,0,36228,42,1,1,0,0,1,0,1,0,0,3,0,339,28,0,0,0,156,V,5097.106192014352,1,0,0,,,,,,,0.7229492888165264,0.17287901013096632,,
20564,121,34303,0,1,0,0,0,0,0,0,0,2,TRUE,4,0,26919,46,1,1,0,0,3,1,1,0,0,3,0,184,15,0,5,0,4,M,0,0,0,1,,,,,0.21819338020826418,0.6908492928278133,0.027998463881090382,0.3532533370948268,,
245,818.5,1637,0,0,3500,0,0,0,0,0,0,6,TRUE,8,0,26947,74,0,1,0,0,1,0,1,0,0,1,0,246,21,0,0,0,44,M,0,0,0,0,,,0.28922286048888135,0.1384144107580207,0.9099858422371125,0.9324522582328036,0.43257194432791535,0.20218497068347732,,
286,0,4939,357,1,4000,0,0,0,0,1,0,10,FALSE,3,1,37499,52,1,1,0,0,1,0,1,0,1,2,0,263,22,0,0,0,3,V,0,0,0,0,0.6031988577492956,0.8700292647430301,,,,,,,,
248,3,1637,0,0,9000,0,0,0,1,0,0,3,TRUE,0,1,28106,35,1,1,0,0,1,0,1,0,0,3,4,203,17,0,0,0,48,V,0,0,0,0,,,,,0.5850602291599178,0.1662085407437144,,,,
236,3,1650,0,0,0,0,0,0,1,0,0,6,FALSE,13,0,15088,32,1,0,0,0,1,0,1,0,1,2,1,167,14,0,0,0,2,V,0,0,0,0,0.9390296023318713,0.7489610809238754,0.9744007998247589,0.7030500865581216,,,,,,
889,0,2137,0,0,2500,0,0,0,0,0,0,5,TRUE,1,0,39704,50,0,1,0,0,1,1,1,0,0,3,1,331,28,0,0,0,28,M,2960.3105348403164,1,0,0,0.8343467430910981,0.42228130032307865,,,,,,,0.11031995131240292,0.7103298800432309
484,12,1677,0,0,0,0,0,0,0,0,0,8,TRUE,3,0,48230,20,0,1,0,0,1,0,1,0,0,1,0,163,14,0,0,0,4,M,0,0,0,0,0.8772114542328103,0.9098843316054541,0.4800983480276793,0.041038318545856614,0.21658876244480807,0.062675068,,,,
514,90,1729,0,0,750,0,0,0,1,1,0,8,TRUE,6,0,26769,19,0,1,0,0,1,0,1,0,0,1,0,104,9,0,0,0,3,V,0,0,0,0,,,,,,,,,0.23810440146899275,2.5189769369475896
8134,2397,4827,0,0,0,0,1,0,1,0,0,4,FALSE,9,0,32318,50,1,1,0,0,2,6,1,1,1,2,0,412,34,0,0,0,13,V,0,0,0,0,,,,,,,,,,
1439,61,2725,219,2,7500,0,0,0,1,1,0,4,TRUE,1,1,29757,36,0,1,0,0,1,0,1,1,0,3,3,329,27,0,0,0,152,V,2798.3839962091656,1,0,0,0.5353479433451287,0.8487014994970674,0.506360389,0.47279286621833627,0.45155246369107555,0.7541418063282171,,,,
2205,72,2948,0,0,4500,0,0,0,1,0,0,12,FALSE,12,0,37039,60,1,1,0,0,1,0,1,1,1,2,0,325,27,0,0,0,57,M,0,0,1,0,0.49242477226340653,0.9752281860688592,,,,,,,0.9817283854952964,7.448942879
227,0,1621,0,0,0,0,0,0,1,1,0,9,TRUE,10,0,31373,29,1,1,0,0,1,0,1,1,0,2,0,172,14,0,0,0,3,V,0,0,0,0,0.20327649962378902,0.019210582737082572,,,,,,,,
227,0,1623,0,0,0,0,0,0,0,0,0,4,TRUE,1,0,33499,16,0,1,0,0,1,0,1,0,0,3,4,337,28,0,0,0,35,V,0,0,0,0,,,,,,,0.2925737170474199,0.18503989997872405,0.8823462937892224,5.821490064
227,0,1640,0,0,0,0,0,0,1,0,0,9,TRUE,0,0,40525,24,1,1,0,0,1,0,1,0,0,2,0,37,3,0,0,0,1,V,0,0,0,0,,,0.8301686293151658,0.9721802917635385,,,,,,
5191,1056,3797,0,0,3500,0,0,1,0,0,0,6,FALSE,8,0,31088,68,0,1,0,0,2,0,1,0,0,1,0,623,52,0,0,0,44,V,0,0,0,0,,,,,,,,,,
313,36,4934,1009,1,12000,0,0,0,0,0,0,5,FALSE,7,1,29876,36,0,1,0,0,1,0,1,1,0,3,3,33,3,0,0,0,116,M,0,0,0,0,,,,,,,0.098013947,0.40842828112090196,,
421,56,1737,0,0,10000,0,0,0,0,0,0,11,TRUE,9,0,28801,59,0,0,0,0,1,0,1,1,0,1,0,350,29,0,0,0,4,M,0,0,0,0,0.6016619754806978,0.4264309227951157,,,0.6010841776481022,0.3633098026891975,0.5460301228095121,0.1164394119899052,,
486,856,1712,0,0,0,0,0,0,0,0,0,3,TRUE,3,1,38728,42,0,1,0,0,1,1,1,0,0,3,2,366,31,0,0,0,4,M,0,0,0,0,,,,,0.12269769969130187,0.20423756887182398,,,0.2790169156115855,1.875605031
227,0,1620,0,0,0,0,0,0,0,0,0,1,TRUE,2,0,30427,53,0,1,0,0,2,0,1,0,0,2,0,455,38,0,0,0,3,M,0,0,0,0,0.6912792056528895,0.8528936435141364,,,,,,,,
227,0,1620,0,0,0,0,0,0,1,1,0,3,TRUE,12,0,26462,25,1,1,0,0,1,1,1,0,0,2,0,66,6,0,0,0,2,M,0,0,0,0,,,,,,,,,,
3817,1509,2213,0,0,0,0,0,0,0,0,0,3,TRUE,8,1,36363,45,0,1,0,0,2,0,1,0,0,3,0,339,28,0,0,0,1,V,0,0,0,0,0.6144515195655225,0.23311313521779836,,,0.8336819147086444,0.966286065,0.6536159273110662,0.4656217871382374,0.16289070518451998,2.40862813
354,0,3472,844,2,3500,0,0,0,1,0,0,8,FALSE,3,1,30435,29,0,1,0,0,1,0,1,0,1,2,0,113,9,0,0,0,37,V,0,0,0,0,,,0.353106472,0.056331186,0.085494065,0.3662205054700552,,,0.10370461601613419,6.386269897340059
965,251,1852,0,0,4500,0,0,0,0,1,0,4,TRUE,4,0,28117,42,1,1,0,0,1,0,1,1,0,2,2,571,48,0,0,0,9,M,0,0,0,0,0.7748297360874963,0.050215748579075466,,,0.5651594015850399,0.8296357326407919,,,0.9188652428773598,1.953787834
1116,1297,2594,0,0,0,0,0,0,0,1,0,5,TRUE,3,1,34218,56,0,1,0,0,2,0,1,0,0,2,0,611,51,0,0,0,2,V,0,0,0,0,,,0.878294204,0.27337432221630154,,,0.985281757,0.22469922559910482,,
634,160,1709,0,0,0,0,0,0,0,0,0,9,TRUE,4,0,36474,37,1,1,0,0,1,0,1,0,0,3,1,219,18,0,0,0,1,V,0,0,0,0,0.45248154023078846,0.1829763647738303,0.9053195877194291,0.31358050425251915,,,,,0.3031915476816498,4.325362642
1356,1503.5,3007,0,0,0,0,0,0,0,1,0,9,TRUE,8,0,32863,48,0,1,0,0,2,1,1,0,0,3,0,55,5,0,0,0,4,V,0,0,0,0,0.652810532,0.7675597716386343,,,,,0.3433976985433104,0.629699272,,
266,852.5,1705,0,0,0,0,0,0,0,1,0,7,FALSE,9,0,27534,49,1,1,0,0,1,0,0,0,1,2,0,179,15,0,1,0,3,M,0,0,0,0,,,,,,,,,,
626,7,1980,0,0,0,0,0,0,0,0,0,1,TRUE,1,0,42405,57,1,1,0,0,2,0,1,0,0,3,1,416,35,0,0,0,20,V,1879.4977902710973,1,0,0,,,0.6281039489819498,0.6772829800106852,,,,,,
4797,1921,2373,0,0,0,0,0,0,0,1,0,8,FALSE,5,0,33605,57,0,1,0,0,2,0,1,0,1,1,0,26,2,0,0,0,4,M,0,0,1,0,,,,,,,,,,
370,3883,7766,1687,3,4000,0,0,0,1,0,0,5,FALSE,5,1,35515,26,0,1,0,0,1,0,1,0,0,3,0,137,11,0,1,0,24,M,0,0,0,0,,,0.000766691,0.5639302540499157,,,,,0.29140185844346583,1.3779743665759745
227,0,1620,0,0,0,0,0,0,0,1,0,5,TRUE,4,0,,47,1,1,0,0,1,1,1,0,0,2,0,122,10,1,0,0,4,M,0,0,0,0,,,,,,,,,0.966403244,4.5935946382803206
638,132,1787,0,0,4000,0,0,0,0,0,0,7,TRUE,5,0,37426,31,0,1,0,0,1,0,1,1,0,2,0,397,33,0,0,0,4,V,0,0,0,0,,,,,,,,,0.8576063409728063,9.914166196000169
3349,377,3918,0,0,4500,0,0,1,0,0,0,7,TRUE,0,0,32322,33,0,0,0,0,2,0,1,0,0,2,0,365,30,0,0,0,3,M,2725.7840448981074,1,0,0,,,,,,,,,,
4902,0,1834,0,0,0,0,0,0,0,0,0,1,TRUE,4,0,30779,70,1,1,0,0,2,0,1,0,0,1,0,531,44,0,0,0,2,M,0,0,1,0,,,0.7302876868433154,0.4582834271502759,0.38827208645129324,0.9416080249329573,,,0.49380766020647876,5.568362759798031
1940,1902,1902,0,0,0,0,0,0,0,0,0,6,TRUE,7,0,47456,65,0,1,0,0,2,0,1,0,0,1,0,122,10,0,0,0,3,V,0,0,1,0,,,0.058629669,0.37205821471856537,,,,,,
609,38,5793,210,1,4500,0,0,0,1,0,1,4,TRUE,6,1,34545,43,1,1,0,0,1,0,1,0,0,2,1,179,15,0,1,0,100,V,1251.3965053383422,1,0,0,0.025563424172832604,0.21798082497614168,0.45450772784984106,0.8476757074778899,,,,,,
1079,206,2220,0,0,750,0,0,1,1,0,0,9,TRUE,2,0,,20,1,1,0,0,1,0,1,0,0,2,0,263,22,0,0,0,1,M,0,0,0,0,0.8215627065445213,0.5288636251098879,,,,,,,0.35938701949454205,5.989782959314099
227,0,2754,0,0,0,0,0,0,1,0,0,12,TRUE,6,0,29707,45,0,0,0,0,1,0,1,1,0,2,0,336,28,0,0,0,4,M,0,0,0,0,,,,,,,,,0.4163707520431096,0.124836068
227,0,1620,0,0,0,0,0,0,1,1,0,1,TRUE,2,0,30698,31,1,0,0,0,1,0,1,0,0,2,0,26,2,0,0,0,4,V,0,0,0,0,,,,,0.8574584997693045,0.14570556947495394,,,0.5185922535781404,8.444829237
227,810,1620,0,0,0,0,0,0,0,0,0,3,TRUE,3,0,31560,31,1,1,1,0,0,0,1,0,0,3,0,,,0,3,0,4,M,0,0,0,0,,,,,,,,0.6569150468338164,,4.512001246
241,0,1624,0,0,5000,0,0,0,1,0,0,9,TRUE,8,0,35838,55,1,1,0,0,1,0,1,0,0,3,0,472,39,0,0,0,39,M,0,0,0,0,,,0.7047813379059947,0.9471564440762953,,,0.5976180417527075,0.180450347,0.5668714281354444,3.763242699
227,0,1620,0,0,0,0,0,0,0,1,0,2,FALSE,7,0,23434,38,0,0,0,0,1,0,1,0,1,2,3,99,8,0,0,0,4,M,0,0,0,0,,,,,,,,,0.247569182,1.6456243937318602
16257,6156,5371,340,2,15000,1,1,1,1,1,0,9,FALSE,10,0,45749,39,1,1,0,0,3,0,1,1,1,3,1,252,21,0,0,0,24,V,3224.752186504351,1,0,0,0.46389970077160714,0.56393483,,,0.3768164430050946,0.6816666256553989,0.5681748131133955,0.7956344385651501,0.46674552706684064,7.780648652274491
319,38,1637,0,0,0,0,0,0,0,1,0,5,TRUE,3,0,32305,31,0,1,0,0,1,0,1,0,0,2,0,123,10,0,0,0,4,V,0,0,0,0,0.6437896826713556,0.5535976732890489,,,,,0.9358913537267486,0.6419070055560742,,
236,0,9426,1583,3,6000,0,0,0,1,0,0,4,TRUE,1,1,26692,35,0,1,0,0,1,0,1,0,0,2,0,271,23,0,0,0,41,M,0,0,0,0,,,,,,,0.14219130189556664,0.9101198575399576,,
7264,2969,2969,0,0,4000,0,0,0,0,1,0,3,TRUE,0,0,32856,75,0,1,0,0,2,0,1,0,0,1,0,587,49,0,0,0,18,M,0,0,1,0,,,,,0.18693553900091903,0.079637106,,,,
261,11,1712,0,0,9000,0,0,0,1,1,0,10,TRUE,4,0,33938,21,1,1,0,0,1,0,1,0,0,3,0,242,20,0,0,0,59,V,0,0,0,0,,,,,,,,,,
372,0,1620,0,0,0,1,0,0,1,0,0,1,TRUE,8,1,33266,23,1,1,0,0,0,0,1,0,0,2,0,0,0,0,0,0,1,M,0,0,0,0,,,,,,,0.5652533151716789,0.26140053209087305,,
1365,1499.5,2999,796,3,13000,0,0,0,0,1,0,7,TRUE,0,1,32484,38,0,1,1,0,1,0,1,1,0,3,0,287,24,0,0,0,48,M,0,0,0,0,,,0.16673388359731384,0.5333842918829224,,,,,,
302,847,1694,0,0,3000,0,0,0,0,1,0,3,TRUE,2,0,22797,51,1,1,0,0,1,0,0,0,0,2,0,55,5,0,0,0,13,V,0,0,0,0,,,,,,,,,,6.989349948068219
290,2,1636,0,0,0,0,0,0,0,1,0,5,TRUE,4,0,49059,63,0,1,0,0,1,0,1,0,0,1,0,356,30,0,0,0,4,M,0,0,1,0,,,,,,,,,,
250,0,1881,0,0,3500,0,0,0,0,0,0,11,TRUE,9,0,28528,33,0,1,0,0,1,0,1,1,0,3,1,244,20,0,0,0,43,M,0,0,0,0,,,0.2066074382799857,0.25864296871071063,,,,,,
227,0,1620,0,0,0,0,0,0,0,0,0,7,FALSE,6,0,30251,64,0,0,0,0,1,0,1,0,1,1,0,127,11,0,0,0,4,M,0,0,1,0,,,,,0.6002832115700437,0.339490438,,,,
227,928,1856,0,0,0,0,0,0,0,0,0,1,TRUE,1,1,35407,25,0,1,0,0,1,0,1,0,0,2,0,,,0,0,0,3,M,0,0,0,0,,,,,,,,,,4.373496048
1332,384,3938,25,1,0,1,0,0,1,0,0,6,TRUE,4,1,29602,40,1,1,1,0,1,1,1,1,0,3,2,539,45,0,3,0,66,M,0,0,0,0,,,,,0.578180821,0.7457480549252746,0.8939185339936736,0.9850028557592054,,
243,812.5,1625,0,0,0,0,0,0,1,0,0,1,TRUE,0,0,30722,16,0,1,0,0,1,0,1,0,0,1,0,8,1,0,0,0,4,V,0,0,0,0,,,,,,,,,,
279,0,1880,332,3,2500,0,0,0,1,0,0,6,TRUE,5,1,33250,39,1,1,0,0,1,0,1,0,0,2,1,362,30,0,0,0,67,M,0,0,0,0,,,,,0.079283688,0.14290316231228964,,,,
1130,101,7146,907,1,4000,0,0,0,1,0,0,12,TRUE,8,1,30996,35,1,1,0,0,1,0,1,1,0,2,0,318,27,0,0,0,73,V,3191.3980086002443,1,0,0,,,0.5680155323176636,0.4138219106648745,0.15103189031053468,0.026088798606999183,,,,
1625,2969.5,5939,0,4,10000,0,0,0,1,0,0,6,TRUE,3,1,42888,54,1,1,1,0,1,0,1,1,0,3,1,381,32,0,7,0,49,M,5060.216155952958,1,0,0,0.6822620870418126,0.757190737,,,0.6673061431595387,0.9648146709670717,,,0.4090164000794588,4.7066554194219306
5871,5375,5375,769,1,9000,0,0,0,0,0,0,3,TRUE,7,1,29267,31,0,1,0,0,2,0,1,0,0,2,0,409,34,0,2,395,4,M,0,0,0,0,,,,,0.7207881405271328,0.9048966233421413,0.067084961,0.2566617510983463,,
233,0,1949,0,0,2500,0,0,0,0,0,0,6,FALSE,0,0,24964,68,0,1,0,0,1,0,1,0,1,1,0,173,14,0,0,0,3,M,0,0,1,0,,,0.2900439488134392,0.8115190171701063,,,,,0.5711703870167698,8.057814775
5411,35,6982,0,0,11000,0,0,0,0,1,0,9,TRUE,1,1,55480,69,1,1,0,0,3,0,1,1,0,1,0,384,32,0,0,0,83,V,0,0,1,0,,,,,,,,,,
407,825.5,1651,0,0,0,0,0,0,0,1,0,4,TRUE,7,0,26655,43,1,1,0,0,1,0,1,0,0,3,0,576,48,0,0,0,4,V,0,0,0,0,0.30270753512554255,0.12171688679452304,,,0.13578754743108867,0.04437132,,,,
755,118,1847,0,0,0,0,0,0,0,0,0,8,FALSE,9,0,26094,44,1,1,0,0,1,0,1,0,1,2,1,431,36,0,0,0,4,M,944.6078849281288,1,0,0,0.16347300957358707,0.12451557370939972,,,,,,,,
820,216,7794,1103,3,9000,0,0,0,1,1,0,5,TRUE,3,0,41379,40,1,1,0,0,1,0,1,0,0,1,1,242,20,0,0,0,39,M,0,0,0,0,0.30723888794310894,0.6608911780876702,,,0.7383334358819493,0.9141510520989735,,,0.26222429866002994,8.060676584
6092,2100,3137,0,0,0,0,0,0,0,1,0,6,FALSE,8,0,37460,44,1,1,0,0,2,0,1,0,1,2,0,431,36,0,0,0,2,V,4073.4842640350644,1,0,0,,,0.41998055068852336,0.6683204958867296,,,,,,
2301,214,2516,0,0,11000,0,0,0,0,0,0,7,TRUE,1,0,24007,38,1,1,0,0,1,1,1,1,0,2,0,374,31,0,0,0,17,M,2416.668964948735,1,0,0,0.8373250839284829,0.6630442424058605,0.6971707141201603,0.3532291074004455,,,,,,
492,0,3716,713,2,5000,0,0,0,1,1,0,7,TRUE,0,1,36542,47,0,1,0,0,1,0,1,0,0,3,2,289,24,0,0,0,45,M,0,0,0,0,,,,,,,,,0.4615975123921105,4.757131862
266,14,1769,0,0,11000,0,0,0,1,0,0,3,TRUE,1,0,32734,45,1,1,0,0,1,0,1,0,0,2,1,339,28,0,0,0,37,V,0,0,0,0,,,,,0.643780148,0.4470839237443768,,,,
,,,,,,,,,,,,,,,,,,,,,,,,,,,,,,,,,,,,,,,,,,,,,,,,,
Missing data: ,4,4,3,4,4,4,4,4,4,2,0,5,0,4,4,21,4,4,4,5,5,4,4,4,4,4,4,4,39,39,4,4,1,4,4,4,5,4,4,378,366,389,376,364,355,381,374,368,346
